-- phpMyAdmin SQL Dump
-- version 5.2.1
-- https://www.phpmyadmin.net/
--
-- Host: 127.0.0.1
-- Generation Time: Oct 16, 2023 at 01:37 PM
-- Server version: 10.4.21-MariaDB
-- PHP Version: 8.1.17

SET SQL_MODE = "NO_AUTO_VALUE_ON_ZERO";
START TRANSACTION;
SET time_zone = "+00:00";


/*!40101 SET @OLD_CHARACTER_SET_CLIENT=@@CHARACTER_SET_CLIENT */;
/*!40101 SET @OLD_CHARACTER_SET_RESULTS=@@CHARACTER_SET_RESULTS */;
/*!40101 SET @OLD_COLLATION_CONNECTION=@@COLLATION_CONNECTION */;
/*!40101 SET NAMES utf8mb4 */;

--
-- Database: `e_api`
--

-- --------------------------------------------------------

--
-- Table structure for table `failed_jobs`
--

CREATE TABLE `failed_jobs` (
  `id` bigint(20) UNSIGNED NOT NULL,
  `uuid` varchar(255) COLLATE utf8mb4_unicode_ci NOT NULL,
  `connection` text COLLATE utf8mb4_unicode_ci NOT NULL,
  `queue` text COLLATE utf8mb4_unicode_ci NOT NULL,
  `payload` longtext COLLATE utf8mb4_unicode_ci NOT NULL,
  `exception` longtext COLLATE utf8mb4_unicode_ci NOT NULL,
  `failed_at` timestamp NOT NULL DEFAULT current_timestamp()
) ENGINE=InnoDB DEFAULT CHARSET=utf8mb4 COLLATE=utf8mb4_unicode_ci;

-- --------------------------------------------------------

--
-- Table structure for table `migrations`
--

CREATE TABLE `migrations` (
  `id` int(10) UNSIGNED NOT NULL,
  `migration` varchar(255) COLLATE utf8mb4_unicode_ci NOT NULL,
  `batch` int(11) NOT NULL
) ENGINE=InnoDB DEFAULT CHARSET=utf8mb4 COLLATE=utf8mb4_unicode_ci;

--
-- Dumping data for table `migrations`
--

INSERT INTO `migrations` (`id`, `migration`, `batch`) VALUES
(1, '2014_10_12_000000_create_users_table', 1),
(2, '2014_10_12_100000_create_password_reset_tokens_table', 1),
(3, '2019_08_19_000000_create_failed_jobs_table', 1),
(4, '2019_12_14_000001_create_personal_access_tokens_table', 1),
(5, '2023_10_16_102123_create_products_table', 1);

-- --------------------------------------------------------

--
-- Table structure for table `password_reset_tokens`
--

CREATE TABLE `password_reset_tokens` (
  `email` varchar(255) COLLATE utf8mb4_unicode_ci NOT NULL,
  `token` varchar(255) COLLATE utf8mb4_unicode_ci NOT NULL,
  `created_at` timestamp NULL DEFAULT NULL
) ENGINE=InnoDB DEFAULT CHARSET=utf8mb4 COLLATE=utf8mb4_unicode_ci;

-- --------------------------------------------------------

--
-- Table structure for table `personal_access_tokens`
--

CREATE TABLE `personal_access_tokens` (
  `id` bigint(20) UNSIGNED NOT NULL,
  `tokenable_type` varchar(255) COLLATE utf8mb4_unicode_ci NOT NULL,
  `tokenable_id` bigint(20) UNSIGNED NOT NULL,
  `name` varchar(255) COLLATE utf8mb4_unicode_ci NOT NULL,
  `token` varchar(64) COLLATE utf8mb4_unicode_ci NOT NULL,
  `abilities` text COLLATE utf8mb4_unicode_ci DEFAULT NULL,
  `last_used_at` timestamp NULL DEFAULT NULL,
  `expires_at` timestamp NULL DEFAULT NULL,
  `created_at` timestamp NULL DEFAULT NULL,
  `updated_at` timestamp NULL DEFAULT NULL
) ENGINE=InnoDB DEFAULT CHARSET=utf8mb4 COLLATE=utf8mb4_unicode_ci;

-- --------------------------------------------------------

--
-- Table structure for table `products`
--

CREATE TABLE `products` (
  `id` bigint(20) UNSIGNED NOT NULL,
  `name` varchar(255) COLLATE utf8mb4_unicode_ci NOT NULL,
  `detail` text COLLATE utf8mb4_unicode_ci NOT NULL,
  `price` int(11) NOT NULL,
  `stock` int(11) NOT NULL,
  `discount` int(11) NOT NULL,
  `created_at` timestamp NULL DEFAULT NULL,
  `updated_at` timestamp NULL DEFAULT NULL
) ENGINE=InnoDB DEFAULT CHARSET=utf8mb4 COLLATE=utf8mb4_unicode_ci;

--
-- Dumping data for table `products`
--

INSERT INTO `products` (`id`, `name`, `detail`, `price`, `stock`, `discount`, `created_at`, `updated_at`) VALUES
(1, 'et', 'Voluptate tempora deleniti voluptatum minima nesciunt. Vitae voluptas quam natus earum enim aut. Officia amet repudiandae dolorem officiis repellendus sequi omnis odio. Id omnis ad nam dignissimos.', 600, 1, 6, '2023-10-16 08:34:12', '2023-10-16 08:34:12'),
(2, 'ab', 'Nisi dolorum recusandae repudiandae harum quibusdam aut fugiat temporibus. Voluptatem alias quo perspiciatis. Perspiciatis ex aut sint dolore dolore.', 704, 9, 20, '2023-10-16 08:34:12', '2023-10-16 08:34:12'),
(3, 'eveniet', 'Sunt reprehenderit in in expedita deleniti qui. Dolorem perspiciatis quia rerum. Voluptatibus sed voluptas error asperiores id asperiores accusantium voluptatem.', 474, 5, 8, '2023-10-16 08:34:12', '2023-10-16 08:34:12'),
(4, 'asperiores', 'Sit dolores asperiores sunt iure odio a. Laborum doloremque ut assumenda odio et possimus nulla. Harum fugit laboriosam deleniti omnis rem laborum.', 976, 2, 22, '2023-10-16 08:34:12', '2023-10-16 08:34:12'),
(5, 'labore', 'Et amet et eos dolores officia et et. Fuga corrupti magni autem laudantium quis pariatur. Animi quaerat tempora impedit voluptatem minima atque. Vero quis incidunt qui et.', 624, 3, 26, '2023-10-16 08:34:12', '2023-10-16 08:34:12'),
(6, 'et', 'Qui mollitia veniam provident ut maxime quaerat. Quaerat est magni sequi recusandae cumque. Excepturi dolores minus pariatur reiciendis odio commodi et. Et expedita et eaque esse unde tenetur similique eligendi.', 552, 7, 8, '2023-10-16 08:34:12', '2023-10-16 08:34:12'),
(7, 'cumque', 'Voluptates perspiciatis architecto debitis laudantium consectetur facere quis. Sunt quam quae velit sit. Quidem facilis aut qui cupiditate aperiam. Ut laborum illo explicabo non vel aut.', 370, 6, 6, '2023-10-16 08:34:12', '2023-10-16 08:34:12'),
(8, 'ut', 'Quidem ducimus cum sint occaecati. Et et nihil nemo dolor ex. Aliquam iure voluptatem omnis perferendis.', 697, 2, 13, '2023-10-16 08:34:12', '2023-10-16 08:34:12'),
(9, 'recusandae', 'Aperiam est laudantium velit qui. Cum modi ad laboriosam dolorum saepe libero officia. Commodi delectus voluptas sit ut. Aut saepe quia nulla inventore dolor accusamus pariatur dolor.', 207, 6, 18, '2023-10-16 08:34:12', '2023-10-16 08:34:12'),
(10, 'suscipit', 'Dignissimos eum ut velit qui fugit. Iure perspiciatis error explicabo illo fuga voluptas aperiam.', 893, 1, 28, '2023-10-16 08:34:12', '2023-10-16 08:34:12'),
(11, 'qui', 'Odio in voluptatem autem. Et dolores est error et officia quo. Modi est doloribus sint sed dolorem quam sit.', 245, 6, 16, '2023-10-16 08:34:12', '2023-10-16 08:34:12'),
(12, 'amet', 'Consequatur qui maxime mollitia repudiandae vel. Hic officia quas non. Omnis ea et est blanditiis quae nobis.', 428, 3, 7, '2023-10-16 08:34:12', '2023-10-16 08:34:12'),
(13, 'quos', 'Tenetur natus modi explicabo nihil fuga. Recusandae minima vel asperiores beatae non.', 166, 8, 20, '2023-10-16 08:34:12', '2023-10-16 08:34:12'),
(14, 'saepe', 'Mollitia temporibus libero aut ut aperiam. Omnis dolorem sit fugit perspiciatis. Commodi numquam officiis asperiores expedita eaque.', 857, 1, 19, '2023-10-16 08:34:12', '2023-10-16 08:34:12'),
(15, 'vitae', 'Accusantium assumenda provident et. Itaque consequatur facere culpa dignissimos culpa. Totam eveniet autem expedita sint. Vero et fuga aperiam dolore laudantium.', 531, 7, 27, '2023-10-16 08:34:12', '2023-10-16 08:34:12'),
(16, 'ducimus', 'Eligendi eveniet aliquid voluptatem atque. Sint aliquam est impedit quod hic consectetur. Modi molestias et doloribus est aut aperiam.', 409, 5, 11, '2023-10-16 08:34:12', '2023-10-16 08:34:12'),
(17, 'enim', 'Quia quam qui autem. A adipisci repellendus voluptatibus laboriosam asperiores natus sunt. Sit doloremque perferendis et omnis pariatur dolor aliquam.', 889, 8, 8, '2023-10-16 08:34:13', '2023-10-16 08:34:13'),
(18, 'quis', 'In tempore est omnis sunt saepe et. Eligendi a quos dolor maiores aut accusamus. Sunt a natus neque pariatur qui tenetur repellendus. Architecto molestias ipsam quo aspernatur. Incidunt voluptate consectetur aut aut repellat ab omnis.', 819, 4, 28, '2023-10-16 08:34:13', '2023-10-16 08:34:13'),
(19, 'quod', 'Voluptates reiciendis maiores reprehenderit est. Ratione odio non natus ut ut. Dignissimos commodi dolorem nemo sint iusto suscipit tenetur. Dolores consequatur a aliquam amet.', 921, 8, 21, '2023-10-16 08:34:13', '2023-10-16 08:34:13'),
(20, 'aliquid', 'Esse aspernatur facere et ut. Ea aperiam maxime distinctio.', 480, 4, 27, '2023-10-16 08:34:13', '2023-10-16 08:34:13'),
(21, 'odio', 'Voluptas nulla repellendus sit. Ut debitis voluptatibus doloribus pariatur sit.', 281, 0, 24, '2023-10-16 08:34:13', '2023-10-16 08:34:13'),
(22, 'ducimus', 'Modi delectus animi perspiciatis excepturi hic quo. Ea dolor optio blanditiis sed perspiciatis. Facilis minus sunt et est. Magni et nihil aspernatur quo voluptatem aspernatur non.', 976, 9, 16, '2023-10-16 08:34:13', '2023-10-16 08:34:13'),
(23, 'beatae', 'Ratione dolor facere rerum cupiditate officia et doloremque. Aut ut facere in quis saepe qui ipsam animi. Quasi voluptatibus ut dignissimos explicabo qui ab aut magni.', 557, 1, 20, '2023-10-16 08:34:13', '2023-10-16 08:34:13'),
(24, 'explicabo', 'Omnis consequuntur aut ad sit. Omnis dolores quod ut aut. Eos perspiciatis fugiat harum officia sit praesentium.', 923, 5, 13, '2023-10-16 08:34:13', '2023-10-16 08:34:13'),
(25, 'dicta', 'Nesciunt explicabo aut harum dolorem non sequi voluptate. Aut quae aperiam quas aut. Est dolores voluptas perferendis veritatis hic sunt. Debitis adipisci nemo eius esse aut.', 372, 5, 20, '2023-10-16 08:34:13', '2023-10-16 08:34:13'),
(26, 'quia', 'Quisquam quo voluptatem et corrupti et odio. Nesciunt id debitis iure dolore sed eveniet ad vitae. Quisquam sapiente mollitia cumque repellendus illum. Accusamus dolorum voluptas provident et.', 417, 4, 21, '2023-10-16 08:34:13', '2023-10-16 08:34:13'),
(27, 'modi', 'Sint harum omnis aut voluptas repellat ut. Facilis unde facilis nesciunt eum assumenda praesentium et. Non eligendi non corrupti maxime porro odio. Rem assumenda sit modi quibusdam.', 535, 0, 23, '2023-10-16 08:34:13', '2023-10-16 08:34:13'),
(28, 'nemo', 'Distinctio laborum sunt dolor modi. Impedit et ut eveniet modi et inventore suscipit eligendi. Ipsa fugit in qui eaque. Est illo recusandae quisquam consequatur. Voluptatibus et ipsam doloremque quae enim corporis libero doloremque.', 893, 8, 2, '2023-10-16 08:34:13', '2023-10-16 08:34:13'),
(29, 'similique', 'Omnis voluptatem doloremque voluptatem. Et beatae incidunt facilis. Ipsam quo impedit tempora quas odit debitis reiciendis.', 295, 8, 20, '2023-10-16 08:34:13', '2023-10-16 08:34:13'),
(30, 'aliquam', 'Voluptatem illo architecto ut temporibus. Vero praesentium reiciendis iste accusamus. Et beatae iure praesentium modi. Ratione temporibus aperiam qui aut cum deserunt.', 267, 2, 4, '2023-10-16 08:34:13', '2023-10-16 08:34:13'),
(31, 'repellendus', 'Accusantium repudiandae distinctio eaque. Aut earum dolor soluta doloribus minima. Consequatur maxime aspernatur veniam exercitationem. Quo et aut quo fugiat natus et cum.', 894, 1, 9, '2023-10-16 08:34:13', '2023-10-16 08:34:13'),
(32, 'tempora', 'Aliquid eum aliquid est ipsam repellendus molestiae. Cum repellendus fuga labore dolor molestiae. Reiciendis voluptatem ex aut reiciendis distinctio. Eius dolorem dicta ut voluptas quo est officia.', 658, 5, 15, '2023-10-16 08:34:13', '2023-10-16 08:34:13'),
(33, 'dolorum', 'Maxime sit tempore delectus itaque. Ab est quia maiores animi maiores quia. Suscipit vel sequi magni omnis harum.', 461, 2, 22, '2023-10-16 08:34:13', '2023-10-16 08:34:13'),
(34, 'perferendis', 'Eum sed tempore sequi fugit. Quisquam aspernatur qui eum voluptates vitae. Recusandae exercitationem ut vel et.', 617, 8, 10, '2023-10-16 08:34:13', '2023-10-16 08:34:13'),
(35, 'officia', 'Aperiam hic sint qui voluptatem aut non. Qui ut mollitia voluptatum qui esse sed id veniam. Sed in eum numquam quis ipsa et eius.', 552, 2, 6, '2023-10-16 08:34:13', '2023-10-16 08:34:13'),
(36, 'libero', 'Enim voluptatibus voluptas necessitatibus quis ut impedit rem eligendi. Neque quibusdam non amet architecto exercitationem vero. Pariatur dolorem deserunt voluptatibus tempora.', 221, 6, 30, '2023-10-16 08:34:13', '2023-10-16 08:34:13'),
(37, 'reprehenderit', 'Ut quos similique esse accusantium. Quas velit fugit sint non. Ipsa reiciendis dolores enim eum enim ad necessitatibus.', 325, 7, 17, '2023-10-16 08:34:13', '2023-10-16 08:34:13'),
(38, 'libero', 'Voluptatem et qui sit excepturi quibusdam fugit. Omnis alias nostrum maxime porro ut molestiae dolor. Dignissimos eius odit quos enim. Fugit dolor dolorem consequatur cumque libero et aut ut.', 216, 0, 15, '2023-10-16 08:34:13', '2023-10-16 08:34:13'),
(39, 'ea', 'Non in quia temporibus repellat est sapiente earum. Est accusantium nesciunt iure quia sit voluptates officiis. Sint et assumenda aut et quia id quam ad. Veniam vel aspernatur porro maiores officia quis.', 466, 7, 7, '2023-10-16 08:34:13', '2023-10-16 08:34:13'),
(40, 'error', 'Aspernatur accusamus excepturi quia necessitatibus in. Aut distinctio voluptates dolore. Laudantium sapiente magni sed ea et. Aut eos consequatur dolor totam aut quaerat. Et est cum sed illo recusandae sequi expedita.', 145, 1, 15, '2023-10-16 08:34:13', '2023-10-16 08:34:13'),
(41, 'aut', 'Itaque et tempore laborum aut in iusto nostrum. Voluptate natus perferendis enim nemo occaecati ut aspernatur aut. Beatae officia asperiores ut corrupti atque ipsam.', 236, 3, 4, '2023-10-16 08:34:13', '2023-10-16 08:34:13'),
(42, 'tempore', 'Ea est nostrum et neque doloribus libero. Repellendus et optio adipisci autem. Eveniet recusandae magni non. Rerum ducimus alias ullam ratione nihil a.', 231, 6, 8, '2023-10-16 08:34:14', '2023-10-16 08:34:14'),
(43, 'inventore', 'Fuga reprehenderit occaecati eveniet. Quia fugiat et omnis delectus est. Veniam nulla officiis voluptas rerum officia et voluptatem.', 263, 1, 4, '2023-10-16 08:34:14', '2023-10-16 08:34:14'),
(44, 'animi', 'Saepe qui perspiciatis aut et molestiae excepturi. Saepe non quos iure rerum molestias accusantium eos.', 160, 6, 23, '2023-10-16 08:34:14', '2023-10-16 08:34:14'),
(45, 'et', 'Repudiandae sint a hic consequuntur. Omnis est assumenda quaerat repellat dignissimos. Autem minus est dolorum. Dicta officiis adipisci doloribus doloremque quaerat.', 489, 1, 27, '2023-10-16 08:34:14', '2023-10-16 08:34:14'),
(46, 'nemo', 'Voluptatem et labore voluptatem voluptates beatae odit. Sed nesciunt est praesentium ut inventore. Quibusdam nesciunt placeat et sunt sit pariatur eum. Veritatis eaque autem est.', 416, 2, 6, '2023-10-16 08:34:14', '2023-10-16 08:34:14'),
(47, 'quaerat', 'Aut saepe ad vitae ut ut. Laboriosam aut vero beatae facilis ut perspiciatis. Ipsam velit quam quia a omnis molestias. Debitis aperiam id ut est vel neque itaque.', 519, 3, 5, '2023-10-16 08:34:14', '2023-10-16 08:34:14'),
(48, 'quidem', 'Distinctio repellendus ea sit ratione sed excepturi sapiente. Optio qui non et repellat eaque et. Eligendi ad quibusdam dolorem et architecto. Recusandae ex eaque incidunt neque porro enim dolore.', 157, 5, 6, '2023-10-16 08:34:14', '2023-10-16 08:34:14'),
(49, 'earum', 'Quis adipisci maiores sed voluptas est non. Expedita rerum nemo reiciendis in quibusdam labore nesciunt. Veniam non voluptas mollitia enim voluptas. Non velit est praesentium iusto consequuntur voluptate omnis.', 941, 4, 18, '2023-10-16 08:34:14', '2023-10-16 08:34:14'),
(50, 'dolor', 'Molestiae accusantium repellat eaque aut necessitatibus necessitatibus. Laboriosam totam quis perferendis accusamus quod. Perspiciatis eligendi quidem aut temporibus ipsam.', 164, 0, 10, '2023-10-16 08:34:14', '2023-10-16 08:34:14');

-- --------------------------------------------------------

--
-- Table structure for table `reviews`
--

CREATE TABLE `reviews` (
  `id` bigint(20) UNSIGNED NOT NULL,
  `product_id` int(10) UNSIGNED NOT NULL,
  `customer` varchar(255) COLLATE utf8mb4_unicode_ci NOT NULL,
  `review` text COLLATE utf8mb4_unicode_ci NOT NULL,
  `star` int(11) NOT NULL,
  `created_at` timestamp NULL DEFAULT NULL,
  `updated_at` timestamp NULL DEFAULT NULL
) ENGINE=InnoDB DEFAULT CHARSET=utf8mb4 COLLATE=utf8mb4_unicode_ci;

--
-- Dumping data for table `reviews`
--

INSERT INTO `reviews` (`id`, `product_id`, `customer`, `review`, `star`, `created_at`, `updated_at`) VALUES
(1, 3, 'Orland Schulist', 'Nobis perferendis accusamus sunt aspernatur earum ipsam sed. Velit dolor assumenda eum consequuntur eum praesentium ea. Sint nobis vel quibusdam qui.', 2, '2023-10-16 08:34:15', '2023-10-16 08:34:15'),
(2, 29, 'Lori Prosacco', 'Velit voluptatibus et reiciendis consectetur suscipit ad cumque. Ut consectetur placeat et itaque quasi ducimus. Accusamus ipsum quo aliquam voluptas facilis eius.', 5, '2023-10-16 08:34:15', '2023-10-16 08:34:15'),
(3, 49, 'Kaleb Crona', 'Voluptatibus dolor omnis deserunt corrupti repellat vero odit. Exercitationem rerum eum ut quasi veritatis impedit sunt. Velit vel hic ducimus doloribus ipsum.', 3, '2023-10-16 08:34:15', '2023-10-16 08:34:15'),
(4, 1, 'Ms. Adella Wilkinson', 'Nisi ut repellat rerum accusamus voluptatibus sint. Explicabo nihil expedita ex et accusamus rem. Rerum qui deserunt ad totam. Incidunt id ea tempora quia quae nisi facere.', 5, '2023-10-16 08:34:15', '2023-10-16 08:34:15'),
(5, 32, 'Mrs. Therese King PhD', 'Voluptas quasi illum tempore ad fugiat. Libero et molestias iure fuga non qui. Voluptate non dolores est ab odit possimus tempore.', 3, '2023-10-16 08:34:15', '2023-10-16 08:34:15'),
(6, 39, 'Thea Hoeger', 'Sunt doloribus voluptas qui sit. Praesentium aspernatur veniam in quam tempore soluta. Tempore omnis nesciunt neque necessitatibus. Error nobis unde dolores hic omnis consequatur.', 3, '2023-10-16 08:34:15', '2023-10-16 08:34:15'),
(7, 48, 'Deon Reichel', 'Aliquam animi tempora est qui ipsum. Voluptatum repellendus veniam modi at rem deleniti est.', 0, '2023-10-16 08:34:15', '2023-10-16 08:34:15'),
(8, 3, 'Mylene Renner', 'Vitae reprehenderit autem nemo quam voluptas expedita cum. Animi cum voluptatem expedita explicabo. Culpa eos tempore distinctio illum consequatur ea. Eveniet voluptatum similique reprehenderit.', 3, '2023-10-16 08:34:15', '2023-10-16 08:34:15'),
(9, 20, 'Shanelle Reichert III', 'Qui aut et eaque illo esse quia praesentium recusandae. Sit necessitatibus et saepe doloribus voluptatem. Qui perferendis culpa temporibus reiciendis. Hic sed ducimus dicta. Officia doloribus libero odio perspiciatis voluptates tempore qui.', 2, '2023-10-16 08:34:16', '2023-10-16 08:34:16'),
(10, 42, 'Prof. Dedric Beer', 'Exercitationem voluptatem reiciendis fuga nobis enim qui. Qui eaque voluptas illo similique sed veniam et. Ut voluptas quis corrupti eos similique illum.', 1, '2023-10-16 08:34:16', '2023-10-16 08:34:16'),
(11, 39, 'Dr. Lewis Abbott DDS', 'Odio non qui maxime nesciunt placeat sed eum. Voluptates vel vitae explicabo consequatur et perspiciatis. Veniam debitis ipsa odit necessitatibus ipsum atque. Tempore asperiores quae aut dolorum non quidem.', 1, '2023-10-16 08:34:16', '2023-10-16 08:34:16'),
(12, 33, 'Dennis Wilderman', 'Earum enim aut enim consectetur quia. Id tempore et in officia consequuntur. Dicta id autem ducimus quidem est qui dolore quos.', 2, '2023-10-16 08:34:16', '2023-10-16 08:34:16'),
(13, 36, 'Dr. Alexzander Romaguera DDS', 'Dolorem possimus quidem error. Nisi nemo quis maiores quasi. Magnam assumenda dolorum optio quia iusto. Omnis asperiores aliquam illo id eaque placeat et.', 1, '2023-10-16 08:34:16', '2023-10-16 08:34:16'),
(14, 28, 'Gust Mohr III', 'Odio sunt et autem corporis quod voluptatum sint dolores. Quis magni assumenda impedit necessitatibus tenetur qui. Nam qui consequatur excepturi temporibus porro ipsa repudiandae voluptas. Minus porro quibusdam corporis odio unde. Explicabo labore facere amet a.', 3, '2023-10-16 08:34:16', '2023-10-16 08:34:16'),
(15, 45, 'Susie Runte', 'Ratione repellendus sunt aut rerum accusamus quasi. Eos dolor nisi illo nostrum excepturi et incidunt. Voluptas reprehenderit omnis dignissimos ut.', 1, '2023-10-16 08:34:16', '2023-10-16 08:34:16'),
(16, 8, 'Dolly Gerlach', 'At atque culpa voluptatem et tempore et omnis reiciendis. Qui laudantium sequi aut laudantium. Quidem magnam totam sequi explicabo aut officiis.', 3, '2023-10-16 08:34:16', '2023-10-16 08:34:16'),
(17, 7, 'Chadrick Kuhlman', 'Sapiente quia id aut vero. Aut repellat dolore pariatur officia voluptatem nemo commodi distinctio. Animi nostrum rerum ab aliquid. Et quasi eius sed laboriosam atque aut dignissimos.', 3, '2023-10-16 08:34:16', '2023-10-16 08:34:16'),
(18, 4, 'Murphy Reichert', 'Beatae eligendi est dolores quasi dignissimos quia doloribus quod. Tempore corrupti quae et et voluptatum et alias dolorum. Optio veritatis et doloribus nisi nobis voluptatem qui.', 1, '2023-10-16 08:34:16', '2023-10-16 08:34:16'),
(19, 19, 'Jana Grady', 'Est ex nisi veniam. Aperiam quo ut fuga autem expedita qui. Eius dolor vitae nihil quisquam nulla cum et in. Voluptatem aut quas neque quo iste sequi omnis excepturi.', 5, '2023-10-16 08:34:16', '2023-10-16 08:34:16'),
(20, 15, 'Mr. Deangelo Abbott', 'Temporibus error similique aut sed id et incidunt reiciendis. Rerum alias rem et qui. Omnis repellat et quaerat voluptas eius. Quia quisquam soluta molestiae.', 5, '2023-10-16 08:34:16', '2023-10-16 08:34:16'),
(21, 47, 'Jazlyn West IV', 'Est earum tempora in sapiente consequatur ad tempore. Similique qui nesciunt consequatur inventore alias quidem alias. Et nisi excepturi atque perspiciatis error veritatis.', 2, '2023-10-16 08:34:16', '2023-10-16 08:34:16'),
(22, 34, 'Stefan Fay', 'Facere quod iusto ut et temporibus unde est. Est aliquam qui eligendi fuga alias rem suscipit. Modi quis ea delectus provident architecto necessitatibus nulla. Et atque est omnis quo dolor.', 0, '2023-10-16 08:34:16', '2023-10-16 08:34:16'),
(23, 13, 'Sabrina Beer Jr.', 'Aut quo eaque et tempore. Et in quidem possimus fugit in. Animi vitae blanditiis cumque.', 0, '2023-10-16 08:34:16', '2023-10-16 08:34:16'),
(24, 11, 'Nathan Mraz', 'Dolorum culpa consequatur earum eos cupiditate rem sapiente. Quia ratione eveniet nemo quos voluptas quia tenetur. Id et dignissimos sed.', 5, '2023-10-16 08:34:16', '2023-10-16 08:34:16'),
(25, 37, 'Dr. Dewayne Stiedemann', 'Maiores sunt molestias tenetur est pariatur et. Nesciunt assumenda in corrupti. Repellat quasi aspernatur blanditiis ullam odio. Cum quia velit et fugit itaque dicta sit.', 4, '2023-10-16 08:34:16', '2023-10-16 08:34:16'),
(26, 49, 'Bettye Keebler V', 'Delectus rem odit ipsam ipsam enim. Rem quia ut commodi facilis. Aliquam odio repudiandae excepturi expedita quisquam.', 1, '2023-10-16 08:34:16', '2023-10-16 08:34:16'),
(27, 47, 'Augustus VonRueden', 'Architecto provident nesciunt voluptatem quo molestiae aut sed rem. Ipsam temporibus eum omnis enim.', 3, '2023-10-16 08:34:16', '2023-10-16 08:34:16'),
(28, 23, 'Jacynthe Will', 'Suscipit voluptatum distinctio voluptatum non quo rerum. Itaque voluptates natus quis labore quasi ipsa laborum. Qui voluptate molestias fuga eum. Iure voluptate totam ex impedit doloribus enim modi consequuntur.', 2, '2023-10-16 08:34:16', '2023-10-16 08:34:16'),
(29, 23, 'Dr. Reyes Hickle V', 'Porro ex a consequatur magni a. Saepe veniam reiciendis earum repellat voluptatibus. Quibusdam quaerat unde culpa magni.', 4, '2023-10-16 08:34:16', '2023-10-16 08:34:16'),
(30, 44, 'Raegan Hansen', 'Qui aut ut consequatur aliquid animi. Numquam sint tempore temporibus voluptatem. Sequi mollitia laboriosam sed ducimus est similique beatae.', 3, '2023-10-16 08:34:16', '2023-10-16 08:34:16'),
(31, 20, 'Willa Goodwin', 'Dolor eaque quia ut reprehenderit illo. Repellat ut accusamus non odio consequuntur et tempora odio. Est velit reprehenderit quasi maxime quos labore. Quis eum cum earum. Ullam qui dolore eveniet commodi quos.', 3, '2023-10-16 08:34:16', '2023-10-16 08:34:16'),
(32, 45, 'Madeline Streich', 'Reprehenderit ut totam ut vel qui. Enim debitis velit iusto illum. Molestiae consequatur est neque illum odit maxime ea. Ea quia aperiam est rerum molestiae dolorem sit.', 5, '2023-10-16 08:34:16', '2023-10-16 08:34:16'),
(33, 2, 'Wanda McCullough', 'Omnis dicta quibusdam maiores quia sed eveniet alias. Modi minus sed iure eum molestias. Sit incidunt odit sint nisi. Minus et fuga placeat explicabo id aut vel.', 0, '2023-10-16 08:34:16', '2023-10-16 08:34:16'),
(34, 31, 'Dee Johns', 'Nemo quia impedit incidunt. Omnis porro ullam rerum possimus ullam cumque alias. Fugiat eum animi doloremque enim commodi est. Ut vitae et quam rem. Distinctio maiores labore quisquam rerum.', 0, '2023-10-16 08:34:17', '2023-10-16 08:34:17'),
(35, 50, 'Cristopher Hermiston', 'Ut rerum et atque et laboriosam. Dolore non autem perspiciatis. Eveniet cumque aut fugit nemo.', 3, '2023-10-16 08:34:17', '2023-10-16 08:34:17'),
(36, 21, 'Keanu Kovacek', 'Delectus vitae dolorum cumque id assumenda et aut. Excepturi aut aut voluptatem non facere necessitatibus quasi. Aperiam sit iste vel veritatis inventore adipisci facere.', 4, '2023-10-16 08:34:17', '2023-10-16 08:34:17'),
(37, 17, 'Mya Gleichner', 'Sint et optio recusandae quis. Natus tempore et natus. Esse ab nihil blanditiis aliquam labore iure minus.', 1, '2023-10-16 08:34:17', '2023-10-16 08:34:17'),
(38, 49, 'Yolanda Marvin', 'Reprehenderit rerum accusamus delectus nesciunt. At labore voluptas rerum. Facere recusandae sit velit mollitia officiis.', 1, '2023-10-16 08:34:17', '2023-10-16 08:34:17'),
(39, 22, 'Prof. Maida Yundt PhD', 'Non omnis animi labore sed nemo quas. Cupiditate eos accusantium velit tempora est.', 0, '2023-10-16 08:34:17', '2023-10-16 08:34:17'),
(40, 43, 'Peter Pfannerstill', 'Odio ullam mollitia facilis a aut. Molestiae consequuntur consectetur nam voluptatum sit. Ad repellendus beatae dolor aut similique et. Doloremque dolorem saepe numquam ut ut est.', 1, '2023-10-16 08:34:17', '2023-10-16 08:34:17'),
(41, 8, 'Reyes Toy', 'Eveniet in vitae architecto architecto autem. Possimus nostrum fugit dolorum doloribus eius possimus enim. Et atque ut assumenda et est nihil tempore. Eos officiis non sequi illum. Impedit illo autem est eum itaque ut.', 4, '2023-10-16 08:34:17', '2023-10-16 08:34:17'),
(42, 13, 'Cale Konopelski Jr.', 'Sit aliquam sint voluptatibus eum. Autem a illo recusandae ipsa expedita ea. Possimus qui eum veritatis necessitatibus. Et ullam omnis quo qui. Expedita repellendus perferendis id dolor enim explicabo.', 2, '2023-10-16 08:34:17', '2023-10-16 08:34:17'),
(43, 43, 'Elmore Muller', 'Ad expedita odit et ipsum vel earum non. Quia iste earum quis eaque iste quos. Similique sunt eaque error et et quo tempora.', 2, '2023-10-16 08:34:17', '2023-10-16 08:34:17'),
(44, 13, 'Austen Emard', 'Amet ut neque illum est est. Tempore dolore minus numquam ipsum. Error officia qui nihil et excepturi eum. Perferendis velit nesciunt eum in.', 5, '2023-10-16 08:34:17', '2023-10-16 08:34:17'),
(45, 32, 'Cleora Hoppe', 'Et sunt eum magnam maiores officiis. Earum molestias modi rerum animi molestiae eaque quas. Nulla architecto laborum eligendi cumque earum. Laboriosam quasi veniam qui in dolor velit aperiam.', 3, '2023-10-16 08:34:17', '2023-10-16 08:34:17'),
(46, 35, 'Dr. Nona Beier', 'Deserunt possimus suscipit laudantium doloremque eveniet. Eum et unde nobis qui. Eum hic odit repellat. Et cumque officia tempore at molestiae dolores.', 4, '2023-10-16 08:34:17', '2023-10-16 08:34:17'),
(47, 38, 'Jamey Champlin', 'Aut voluptatem error voluptates ut. Rerum sunt veniam molestiae vel. Quam fuga quo earum quas id illum et.', 1, '2023-10-16 08:34:17', '2023-10-16 08:34:17'),
(48, 46, 'Rosamond Schroeder', 'Fuga sed reiciendis quia quasi et dolorum architecto. Facere sint illum voluptatem nemo quidem. Ea laudantium necessitatibus ipsam eligendi.', 2, '2023-10-16 08:34:17', '2023-10-16 08:34:17'),
(49, 10, 'Citlalli Emmerich', 'Laborum et dolorum dolor et in. Aut doloremque sunt sit quam non velit. At nihil deserunt quis quo ut dolores fugiat. Quia unde at sed blanditiis dolorem dolorum.', 3, '2023-10-16 08:34:17', '2023-10-16 08:34:17'),
(50, 17, 'Alaina Schuster', 'Omnis vel ut id autem. Recusandae et vitae quasi atque quae voluptas. Corporis mollitia itaque aut incidunt.', 3, '2023-10-16 08:34:17', '2023-10-16 08:34:17'),
(51, 29, 'Mr. Dejon Runte IV', 'Quasi sapiente sunt ipsum vel quia ipsum quod sit. Et animi assumenda ut quasi possimus voluptas consequatur consequuntur. Et rerum eveniet saepe qui dolorem fuga et.', 4, '2023-10-16 08:34:17', '2023-10-16 08:34:17'),
(52, 26, 'Keanu Hyatt', 'Accusamus consectetur et rerum eum amet sed. Omnis odit nam commodi et harum. Distinctio error nostrum quis.', 5, '2023-10-16 08:34:17', '2023-10-16 08:34:17'),
(53, 1, 'Golden Russel', 'Eum dolorem voluptatem temporibus deleniti autem minima. Cumque ipsum expedita nesciunt doloremque qui eum ut officiis. Et odio et commodi et. Saepe non occaecati vitae officiis.', 2, '2023-10-16 08:34:17', '2023-10-16 08:34:17'),
(54, 30, 'Tyrese Torphy', 'Corrupti est numquam pariatur aliquam. Enim velit dicta alias in qui incidunt. Minus praesentium commodi quas possimus.', 3, '2023-10-16 08:34:17', '2023-10-16 08:34:17'),
(55, 13, 'Dr. Neal Huels', 'Quas omnis corporis et aut. Harum modi voluptatem quaerat sed exercitationem reprehenderit. Earum dolores nihil cum vero quod quasi consectetur aut. Qui delectus ea impedit accusantium ab laborum id.', 2, '2023-10-16 08:34:17', '2023-10-16 08:34:17'),
(56, 46, 'Mr. Lamont Wunsch', 'Accusantium ut quo voluptates vitae earum. In sapiente voluptas eos labore aliquam.', 4, '2023-10-16 08:34:17', '2023-10-16 08:34:17'),
(57, 32, 'Dr. Edgar Ortiz', 'Aut et natus amet sunt ab. Alias accusamus officia error id sit earum. Impedit est dolore quasi deleniti. Saepe quibusdam beatae repudiandae nihil labore. Sapiente quis delectus quisquam sed aliquid.', 2, '2023-10-16 08:34:17', '2023-10-16 08:34:17'),
(58, 19, 'Kurtis Gibson', 'Sint quae rerum ratione aspernatur et tempora et voluptatibus. Velit doloribus rerum sequi ut. Ut repellendus quasi voluptate eaque saepe illum unde ut.', 1, '2023-10-16 08:34:17', '2023-10-16 08:34:17'),
(59, 4, 'Kobe Hodkiewicz', 'Non dolor sed omnis veniam. Cupiditate vero qui eligendi quo voluptas sint aut. Delectus aspernatur deleniti animi fugit. Praesentium rem necessitatibus porro delectus nemo est.', 3, '2023-10-16 08:34:18', '2023-10-16 08:34:18'),
(60, 21, 'Felix Ward Jr.', 'Et nihil molestiae sapiente et dicta eaque exercitationem. Cum eum ex molestiae dignissimos molestias velit reiciendis dolor. Sit labore provident natus dolores veniam deleniti. Facere voluptate est enim molestiae dolorem quaerat laborum.', 4, '2023-10-16 08:34:18', '2023-10-16 08:34:18'),
(61, 32, 'Dr. Maci Ziemann MD', 'Qui hic et aut et eaque est dolorum voluptatibus. Eveniet voluptas consequatur ut id perspiciatis voluptates. Iste modi unde ut. Expedita id repellat et minima nihil.', 4, '2023-10-16 08:34:18', '2023-10-16 08:34:18'),
(62, 22, 'Miss Marion Gottlieb I', 'Ut quo laboriosam qui. Inventore et autem neque commodi sunt omnis expedita. Ducimus consequuntur accusamus accusamus dolores ut omnis.', 2, '2023-10-16 08:34:18', '2023-10-16 08:34:18'),
(63, 16, 'Trisha Heathcote', 'Ea omnis nisi ipsum eum labore. Placeat quibusdam vel enim sed asperiores tenetur recusandae tempora. Accusantium voluptatem rerum illo quisquam debitis dolore. Corporis fuga et natus hic qui consequatur.', 4, '2023-10-16 08:34:18', '2023-10-16 08:34:18'),
(64, 21, 'Mr. Sterling Mann', 'Earum commodi veniam optio dolores soluta neque. Deserunt velit culpa voluptatem laboriosam nostrum expedita. Est qui rem praesentium inventore. Qui ea et accusamus illo. Repudiandae excepturi harum voluptas qui.', 5, '2023-10-16 08:34:18', '2023-10-16 08:34:18'),
(65, 42, 'Gisselle Sanford', 'Ut et earum quia pariatur molestias natus. Sunt fugiat placeat deleniti. Dolorum a quidem quos voluptate placeat. Eos consequuntur et consequatur occaecati quo totam. Veritatis neque veniam iusto quia et dolorum quis.', 5, '2023-10-16 08:34:18', '2023-10-16 08:34:18'),
(66, 43, 'Mrs. Zelma Vandervort DDS', 'Similique veritatis velit occaecati corrupti. Et similique voluptas deserunt itaque aliquid voluptatem in ab. Et asperiores sed dolor officiis aut nostrum. Consectetur quam explicabo facere suscipit voluptatem aut vel omnis.', 3, '2023-10-16 08:34:18', '2023-10-16 08:34:18'),
(67, 1, 'Mrs. Meredith Gaylord IV', 'Iste soluta sequi modi tempora explicabo nesciunt perferendis. Corrupti voluptatem est cumque voluptatem quae rem. Ut consequatur sunt nulla dolore.', 4, '2023-10-16 08:34:18', '2023-10-16 08:34:18'),
(68, 34, 'Clifford Rath', 'Quis eaque id modi culpa omnis inventore. Consequatur et quae ut aliquam animi dolores. Porro dolorem unde harum qui ut voluptas. Velit quae aut recusandae quis animi nihil.', 5, '2023-10-16 08:34:18', '2023-10-16 08:34:18'),
(69, 14, 'Mrs. Geraldine Tremblay', 'Perspiciatis cumque omnis minima non consequatur ullam. Minima velit debitis facilis molestiae mollitia voluptatibus tempora similique.', 0, '2023-10-16 08:34:18', '2023-10-16 08:34:18'),
(70, 24, 'Pearline Rolfson PhD', 'Perspiciatis ullam neque deleniti beatae est aut. Non labore nostrum optio sed deserunt. Incidunt ullam atque quo consequatur quidem. Soluta veniam aut impedit incidunt aut.', 0, '2023-10-16 08:34:18', '2023-10-16 08:34:18'),
(71, 3, 'Tod Douglas', 'Et et corrupti nostrum quia architecto libero minus. Repellat et distinctio minima dolores beatae rerum perspiciatis. Sint non magni eius fugiat ducimus. Quasi iusto ea at est expedita libero deserunt.', 1, '2023-10-16 08:34:18', '2023-10-16 08:34:18'),
(72, 33, 'Bertha Swift', 'Est illo pariatur eaque consequuntur adipisci recusandae rerum dolore. Adipisci non quo quis quia. Quod voluptatem esse velit aliquam consequatur deleniti velit. Non tempora eum consequatur earum.', 3, '2023-10-16 08:34:18', '2023-10-16 08:34:18'),
(73, 7, 'America Bechtelar', 'Molestiae soluta praesentium minus laudantium quis qui rerum corporis. Assumenda adipisci molestias sit quo maxime. Eum alias et excepturi sed voluptatem.', 2, '2023-10-16 08:34:18', '2023-10-16 08:34:18'),
(74, 48, 'Rylan Sauer', 'Doloribus doloribus provident atque in eveniet laboriosam. Odit animi dolores officiis. Quos similique labore deleniti doloremque voluptatibus sapiente inventore voluptas. Rem id mollitia velit sunt aperiam quos voluptate.', 4, '2023-10-16 08:34:18', '2023-10-16 08:34:18'),
(75, 34, 'Grayce Farrell', 'Modi vitae quos accusantium ipsum sint earum. Tempora quia illo possimus. Perspiciatis omnis veritatis et iste.', 4, '2023-10-16 08:34:18', '2023-10-16 08:34:18'),
(76, 18, 'Keven Haley', 'Explicabo beatae et quisquam assumenda velit ea nihil. Vitae rerum ex laboriosam totam. Totam quo reprehenderit omnis sit et esse et. Rerum quisquam sit distinctio.', 3, '2023-10-16 08:34:18', '2023-10-16 08:34:18'),
(77, 22, 'Elias Moen', 'Soluta porro quibusdam explicabo commodi nam vel. Et et quae sequi sit voluptatem eos. Enim aliquid accusamus ipsam quia consequatur qui recusandae quasi. Quod quod accusantium hic fuga.', 3, '2023-10-16 08:34:18', '2023-10-16 08:34:18'),
(78, 15, 'Velva Hickle DVM', 'Ducimus dolorem deserunt est temporibus earum molestiae laboriosam. Quia quisquam cum corrupti corporis odit mollitia nobis. Voluptatem molestias magnam in dolor. Voluptatem excepturi consequatur dolorem praesentium quas consequatur soluta eius.', 5, '2023-10-16 08:34:18', '2023-10-16 08:34:18'),
(79, 37, 'Jayme Steuber I', 'Sint molestiae molestiae suscipit repellat saepe qui dignissimos. Ut et accusantium hic non. Optio atque qui vel repellendus ex. Et nihil perferendis eveniet beatae adipisci. Sequi itaque adipisci nisi qui voluptatibus vel et.', 4, '2023-10-16 08:34:18', '2023-10-16 08:34:18'),
(80, 36, 'Lorenzo Wintheiser', 'Dolorum est eum ut sit molestiae officia. Aspernatur et voluptatem qui quis dolores. Eum quasi quis tempore. Id et voluptatum et nostrum saepe.', 2, '2023-10-16 08:34:19', '2023-10-16 08:34:19'),
(81, 41, 'Destany Bode', 'Quis possimus corrupti rerum sunt repudiandae ut. Sit impedit occaecati dolores voluptatem velit. Corporis voluptatibus non ullam magni explicabo commodi molestias. Atque nihil porro quaerat in et placeat.', 1, '2023-10-16 08:34:19', '2023-10-16 08:34:19'),
(82, 37, 'Charlene Boyle', 'Sunt quia consequuntur ut nisi tempora. Facilis voluptatem qui quod sint in quis enim. Autem et cumque omnis sunt. Minus quasi dicta est asperiores. Accusantium impedit earum unde in perferendis rerum beatae.', 5, '2023-10-16 08:34:19', '2023-10-16 08:34:19'),
(83, 43, 'Ms. Georgette Carroll', 'Aut ut tempora dolores voluptate eaque. Consequatur et iusto libero debitis esse quis vel voluptatem. Et ut eius temporibus sit. Corporis deleniti quaerat non ducimus non earum qui.', 5, '2023-10-16 08:34:19', '2023-10-16 08:34:19'),
(84, 44, 'Kay Upton', 'Quos doloremque aut ipsa eligendi. Saepe laborum voluptas aspernatur. Quia rerum est laboriosam dolorem pariatur voluptas error. Omnis provident ea reprehenderit laudantium.', 5, '2023-10-16 08:34:19', '2023-10-16 08:34:19'),
(85, 34, 'Vivian Baumbach', 'Aut voluptatibus perspiciatis nihil. Ullam pariatur nobis consequatur ut atque.', 4, '2023-10-16 08:34:19', '2023-10-16 08:34:19'),
(86, 45, 'Ms. Hillary Johnson', 'Autem eveniet voluptas modi quibusdam eum voluptate. Rerum quo consectetur accusantium dolor eaque et. Laudantium alias ex quia voluptas ea sequi autem. Eum facere sunt enim velit iure.', 2, '2023-10-16 08:34:19', '2023-10-16 08:34:19'),
(87, 31, 'Myah Windler', 'Quis totam odit quaerat temporibus. Velit numquam et sed beatae. Reprehenderit dolores eos quod exercitationem omnis aut et.', 4, '2023-10-16 08:34:19', '2023-10-16 08:34:19'),
(88, 26, 'Hilton Armstrong DDS', 'Velit possimus repudiandae unde similique doloribus aut. Quasi enim quam assumenda velit.', 4, '2023-10-16 08:34:19', '2023-10-16 08:34:19'),
(89, 32, 'Prof. Eli Collier V', 'Esse atque id eaque alias numquam veritatis pariatur. Error dolores eos at. Magnam id ullam dolorem aut consectetur voluptatem quia necessitatibus. Sed eum nihil suscipit culpa qui accusantium.', 2, '2023-10-16 08:34:19', '2023-10-16 08:34:19'),
(90, 8, 'Tyrel Herzog', 'Error saepe aliquam sed labore quaerat qui dolor. Et sint id praesentium culpa. Nihil nulla eos accusamus.', 4, '2023-10-16 08:34:19', '2023-10-16 08:34:19'),
(91, 5, 'Kurtis Grady', 'Aut est consequatur sed et. Sit voluptas suscipit laborum quia earum. Velit neque dolor quis est.', 4, '2023-10-16 08:34:19', '2023-10-16 08:34:19'),
(92, 16, 'Birdie Mills', 'Praesentium sint et aut aut consequuntur occaecati. Quidem ut sit in modi ut sed eum esse. Aperiam laborum quia error ad libero. Aut et accusamus vitae aut deleniti reiciendis repellat.', 2, '2023-10-16 08:34:19', '2023-10-16 08:34:19'),
(93, 26, 'Anahi Wolf PhD', 'Ipsa quo laboriosam quas. Placeat illo consequatur veritatis commodi aspernatur velit. Ut qui nesciunt necessitatibus voluptatem ut molestiae accusamus.', 4, '2023-10-16 08:34:19', '2023-10-16 08:34:19'),
(94, 15, 'Cordelia Jacobson', 'Quasi necessitatibus omnis recusandae nostrum quo asperiores. Consectetur ab natus quae nemo. Officiis animi vero eius cupiditate quis.', 3, '2023-10-16 08:34:19', '2023-10-16 08:34:19'),
(95, 17, 'Reyna Effertz DDS', 'A sunt voluptas consequuntur ut eveniet distinctio ipsa est. Quidem est reprehenderit ut ut est qui. A et ab rem quaerat quidem non consequuntur. Quia voluptate ratione ea ullam.', 2, '2023-10-16 08:34:19', '2023-10-16 08:34:19'),
(96, 3, 'Freeman Yundt', 'Qui iusto sapiente autem ut consectetur ut. Deserunt deserunt tempora error ut nihil vero. Nihil enim fugit non neque suscipit quam. Et nemo qui aut. Tempora voluptas enim ducimus cumque natus nulla nemo.', 1, '2023-10-16 08:34:19', '2023-10-16 08:34:19'),
(97, 27, 'Miss Aimee Brekke DDS', 'Laudantium aut aut neque accusantium quia beatae earum. Et animi quo autem reiciendis sunt explicabo eos non. Modi vitae vitae corrupti ex corporis qui sit.', 2, '2023-10-16 08:34:19', '2023-10-16 08:34:19'),
(98, 9, 'Dr. Brent Fritsch DVM', 'Ab numquam consequatur et recusandae quibusdam iusto doloremque rerum. Cumque quo porro dolor qui et. Et expedita est accusantium. Illo suscipit expedita ad quae.', 4, '2023-10-16 08:34:19', '2023-10-16 08:34:19'),
(99, 10, 'Luciano Dietrich PhD', 'Aut quos odio repudiandae. Aut optio dolore eaque asperiores consequatur tempora. Totam ea neque nihil et modi ullam. Et aut vitae vel nihil.', 4, '2023-10-16 08:34:19', '2023-10-16 08:34:19'),
(100, 39, 'Buster Rosenbaum Sr.', 'Voluptatum eligendi corporis qui quia ducimus reprehenderit. Deserunt id quibusdam nemo ducimus non dolores et. Sit ab doloremque exercitationem quam omnis eos non iusto.', 5, '2023-10-16 08:34:20', '2023-10-16 08:34:20'),
(101, 9, 'Maia Heidenreich', 'Omnis sed quis labore voluptatem perferendis adipisci vel. Quae debitis molestias eum. Et maiores et facere ex. Odio quae dolorem est rerum enim omnis. Et quia blanditiis beatae nemo unde recusandae.', 0, '2023-10-16 08:34:20', '2023-10-16 08:34:20'),
(102, 1, 'Granville Volkman', 'Doloremque nostrum omnis maxime. Aut perspiciatis molestiae libero sint animi. Sunt soluta officia et recusandae. Veniam explicabo consequuntur rerum possimus.', 5, '2023-10-16 08:34:20', '2023-10-16 08:34:20'),
(103, 39, 'Damion Goodwin', 'Officiis rerum deleniti recusandae repellendus. Est atque dolor perferendis quia nostrum. Sequi facere aperiam sed non.', 2, '2023-10-16 08:34:20', '2023-10-16 08:34:20'),
(104, 23, 'Paris Ledner', 'Voluptatibus eum autem itaque est. Aut rerum et cum ratione aperiam explicabo sit. Officia vel rem asperiores ea voluptate voluptate similique est. Et nulla voluptatem quibusdam aliquid non.', 1, '2023-10-16 08:34:20', '2023-10-16 08:34:20'),
(105, 47, 'Prof. Major Leuschke', 'Sunt veniam quas excepturi aut aut dolorum ratione. Ipsum temporibus repellat dignissimos ut. Nihil maiores accusantium sapiente consequatur quo vel quo ut.', 0, '2023-10-16 08:34:20', '2023-10-16 08:34:20'),
(106, 46, 'Dr. Ottis Abernathy', 'Deleniti earum asperiores voluptatem pariatur veniam. Quo sit doloribus ut dignissimos omnis cum rerum. Blanditiis odit consequatur optio quibusdam sunt necessitatibus magnam et. Dolore at mollitia aut vero cupiditate harum et.', 3, '2023-10-16 08:34:20', '2023-10-16 08:34:20'),
(107, 18, 'Dr. Pierce Fritsch', 'Cumque at asperiores eum labore esse ipsa. Aliquid nemo ad est. Aut at non cupiditate aut.', 0, '2023-10-16 08:34:20', '2023-10-16 08:34:20'),
(108, 44, 'Brigitte Beahan', 'Voluptatum nisi impedit voluptate sit officiis. Minima magni laboriosam voluptatem pariatur qui repellat. Natus occaecati commodi non eum ratione.', 3, '2023-10-16 08:34:20', '2023-10-16 08:34:20'),
(109, 49, 'Milton Bayer', 'Blanditiis in distinctio sint suscipit quo aut. Et alias tempora et provident. Eum omnis sapiente sunt ratione. Rerum odio ut distinctio labore et nam consequatur laudantium.', 2, '2023-10-16 08:34:20', '2023-10-16 08:34:20'),
(110, 39, 'Mr. Bryon Hagenes DDS', 'Reiciendis architecto voluptatem et autem. Et omnis praesentium quaerat quidem. Reprehenderit laboriosam sint voluptatum et.', 0, '2023-10-16 08:34:20', '2023-10-16 08:34:20'),
(111, 14, 'Alexandro Robel', 'Maiores sed impedit perferendis veritatis nesciunt voluptate. Dolorem pariatur et sed cum. Id ut aut debitis dolorem dolores.', 2, '2023-10-16 08:34:20', '2023-10-16 08:34:20'),
(112, 39, 'Samir Buckridge', 'Distinctio et quisquam molestiae repudiandae aut omnis iusto. Aut quam nesciunt quia quia. Expedita assumenda asperiores ea.', 0, '2023-10-16 08:34:20', '2023-10-16 08:34:20'),
(113, 24, 'Joseph Hickle', 'Omnis sint sit reiciendis. Qui harum aut dolore velit sint et tenetur. Sed non quod qui dolorum delectus vitae magnam. Est commodi laboriosam et quidem.', 3, '2023-10-16 08:34:20', '2023-10-16 08:34:20'),
(114, 8, 'Kyra O\'Keefe', 'Voluptas vel molestiae est cupiditate reiciendis voluptas autem. Repellat eos nulla eos non dolore sed cumque. Est soluta aut voluptas rerum.', 5, '2023-10-16 08:34:20', '2023-10-16 08:34:20'),
(115, 2, 'Carolanne Carter', 'Dolorum a non dolore enim aliquam sed. Voluptas iste magnam nesciunt tempora velit ab. Ad molestias dicta nihil ut eos nostrum. Et officia ad officiis eum est impedit quidem. Temporibus qui minima rerum odit occaecati.', 2, '2023-10-16 08:34:20', '2023-10-16 08:34:20'),
(116, 24, 'Stephon Bailey', 'Dolore impedit quae a delectus. Blanditiis reprehenderit repellendus ut nesciunt. Temporibus labore repudiandae sit temporibus eligendi. Maxime molestias voluptas cupiditate et labore.', 2, '2023-10-16 08:34:20', '2023-10-16 08:34:20'),
(117, 17, 'Adelle Okuneva PhD', 'Nam ea quo suscipit. Iusto voluptatem voluptas officiis doloribus tempora dicta. Rerum odio cumque cumque consequatur est. Laudantium fuga ea culpa nam nihil et. Et quia quis velit rerum temporibus dolorem dolorum.', 4, '2023-10-16 08:34:20', '2023-10-16 08:34:20'),
(118, 30, 'Kimberly Ullrich', 'Iste qui quod consequatur quibusdam nihil nostrum itaque illum. Sint aliquam laudantium quaerat nihil qui beatae vero. Aliquam voluptas consequatur numquam architecto quia.', 5, '2023-10-16 08:34:20', '2023-10-16 08:34:20'),
(119, 23, 'Susanna Connelly', 'Id eaque minus laborum voluptas est sint eligendi. Pariatur necessitatibus consequatur inventore esse et dignissimos numquam. Laborum voluptatum quibusdam et nemo quod qui.', 2, '2023-10-16 08:34:20', '2023-10-16 08:34:20'),
(120, 41, 'Mr. Keyon Ratke', 'Quos et quo perferendis neque. Voluptatem neque modi quaerat pariatur nostrum iure rerum itaque. Quo velit dolores voluptates laborum consequatur ipsa et. Placeat et voluptas et distinctio provident qui.', 0, '2023-10-16 08:34:20', '2023-10-16 08:34:20'),
(121, 48, 'Harry Kautzer', 'Harum ab fuga dolorum voluptatem neque et et molestiae. Earum enim totam odio totam. Ab amet voluptatem aut fugiat et ex architecto rerum.', 4, '2023-10-16 08:34:20', '2023-10-16 08:34:20'),
(122, 17, 'Miss Thalia Walsh DVM', 'Fuga repellat nam illum ea et praesentium eos. At dolor id exercitationem sit voluptatibus aperiam. Ducimus qui velit aut adipisci voluptatem.', 5, '2023-10-16 08:34:20', '2023-10-16 08:34:20'),
(123, 42, 'Mia Fahey V', 'Nesciunt et voluptates libero harum saepe esse. Eveniet eum magnam explicabo ex. Nihil laudantium numquam fuga.', 5, '2023-10-16 08:34:21', '2023-10-16 08:34:21'),
(124, 1, 'Dorian Orn', 'Eius vitae fugiat blanditiis. Aut possimus qui non corporis aut hic. Est ut error soluta necessitatibus odit molestiae eius.', 1, '2023-10-16 08:34:21', '2023-10-16 08:34:21'),
(125, 36, 'Cathy Fahey', 'Officia sequi earum non sit culpa neque. Voluptatibus qui voluptatum facere. Deleniti quaerat ab eum alias.', 5, '2023-10-16 08:34:21', '2023-10-16 08:34:21'),
(126, 26, 'Baron Stoltenberg', 'Eligendi aut maiores sed aut. Laudantium sit quidem sint ipsum consequatur sit non. Dolor autem voluptatibus cumque ea hic. Qui numquam voluptatem temporibus iusto.', 1, '2023-10-16 08:34:21', '2023-10-16 08:34:21'),
(127, 29, 'Emile Balistreri', 'Quam dolorem animi corporis excepturi consequuntur. Aut explicabo temporibus mollitia ea dolores ullam aliquid. Reiciendis et minus nulla ab similique quo non.', 3, '2023-10-16 08:34:21', '2023-10-16 08:34:21'),
(128, 15, 'Mrs. Sabrina Sipes I', 'Voluptatem maxime quia cupiditate et. Blanditiis eos sequi iste consequatur inventore.', 1, '2023-10-16 08:34:21', '2023-10-16 08:34:21'),
(129, 2, 'Ms. Bernadette Collier II', 'Minima quibusdam ab debitis eaque repellendus. Sed corporis neque maiores voluptatem aut minima quia in. Ut nesciunt accusamus corrupti corporis magni cupiditate.', 4, '2023-10-16 08:34:21', '2023-10-16 08:34:21'),
(130, 21, 'Verna Ruecker', 'Facere incidunt rerum nobis quam excepturi beatae. Repellendus ut nulla quasi pariatur quidem alias. Rerum consequatur hic sit facilis iusto magni. Aut iste aliquid maxime quas.', 3, '2023-10-16 08:34:21', '2023-10-16 08:34:21'),
(131, 30, 'Prof. Hallie Bartell Sr.', 'Ut omnis tempore aliquid est. Assumenda accusantium et praesentium temporibus. Laudantium iure amet blanditiis necessitatibus vel. Eligendi animi deserunt est ex. Voluptatem rerum nisi et.', 2, '2023-10-16 08:34:21', '2023-10-16 08:34:21'),
(132, 36, 'Prof. Darrell Streich II', 'Molestiae sapiente quam ipsum quis rerum omnis. Accusamus quaerat ullam error dolores voluptas. Nobis aliquam distinctio cupiditate quia. Iure expedita ullam modi sunt sed dolores magnam.', 2, '2023-10-16 08:34:21', '2023-10-16 08:34:21'),
(133, 22, 'Prof. Aurore Adams', 'Ut magnam hic est similique illo doloribus. Et non aut dicta commodi quis consequatur vitae. Velit vero sunt voluptatem aliquid exercitationem. Dolor odio vel adipisci qui et molestiae nisi eaque.', 0, '2023-10-16 08:34:21', '2023-10-16 08:34:21'),
(134, 13, 'Miss Jewell Koelpin', 'Eius qui pariatur in aut illo. Est ut aut quia aut dolore. Mollitia et aut voluptas dolorem repellendus est consequatur.', 1, '2023-10-16 08:34:21', '2023-10-16 08:34:21'),
(135, 30, 'Katelyn Gorczany DDS', 'Excepturi fugiat aut sapiente qui accusamus. Qui facilis voluptatem quis temporibus sit dolorem aut. Voluptatem sed et aut aliquid vitae nostrum sit.', 3, '2023-10-16 08:34:21', '2023-10-16 08:34:21'),
(136, 26, 'Dr. Laverne Hickle DDS', 'Modi dolores impedit qui vero. Voluptate saepe voluptas fuga rerum beatae debitis excepturi. Enim occaecati voluptas quaerat iusto et. Sed optio porro repudiandae magni necessitatibus rerum.', 1, '2023-10-16 08:34:21', '2023-10-16 08:34:21'),
(137, 24, 'Emiliano Kling', 'Voluptates culpa et provident nihil vel. Reprehenderit incidunt et dignissimos quia. Voluptate magni animi ut aliquid qui voluptatem asperiores ipsum.', 0, '2023-10-16 08:34:21', '2023-10-16 08:34:21'),
(138, 5, 'Julian Bechtelar', 'Et et debitis et laboriosam aut nemo repellendus. Voluptas rerum nemo ut ut necessitatibus omnis non commodi.', 0, '2023-10-16 08:34:21', '2023-10-16 08:34:21'),
(139, 27, 'Libby Schneider', 'Voluptatem optio aut porro ullam labore iusto. Accusamus sequi maxime sunt impedit id hic provident nihil. Et sint dignissimos rerum.', 0, '2023-10-16 08:34:21', '2023-10-16 08:34:21'),
(140, 38, 'Cruz Hudson', 'Itaque enim cumque dolor facere in blanditiis. Incidunt sequi error dolorem autem officia. Distinctio dolor illo quas soluta magni. Quis nostrum sed expedita autem ut.', 5, '2023-10-16 08:34:21', '2023-10-16 08:34:21'),
(141, 35, 'Prof. Aiyana Larson PhD', 'Doloribus aut autem velit deserunt voluptatum nihil voluptatum. Quibusdam esse adipisci aut animi voluptas labore totam. Qui et deserunt omnis qui maiores aut. Et eum aut suscipit.', 2, '2023-10-16 08:34:21', '2023-10-16 08:34:21'),
(142, 19, 'Jacky Metz', 'Omnis sed nihil delectus aut necessitatibus dolorum molestiae. Qui et ullam autem eum architecto. Ullam impedit enim veritatis harum eius voluptatem quia accusamus. Iste consequuntur tempora et aut temporibus voluptatibus temporibus.', 0, '2023-10-16 08:34:21', '2023-10-16 08:34:21'),
(143, 22, 'Rowland Reichert', 'Excepturi quia qui voluptatibus libero deserunt et. In quia quas labore et labore iste qui. Facilis deleniti alias eveniet. Eum laudantium minus cum ut sequi.', 3, '2023-10-16 08:34:21', '2023-10-16 08:34:21'),
(144, 34, 'Maribel Schmidt', 'Ullam earum expedita blanditiis beatae. Nobis tenetur consequatur debitis ea. Saepe sit maxime repudiandae vel. Ut illum delectus dolorem sit alias consequatur debitis.', 4, '2023-10-16 08:34:21', '2023-10-16 08:34:21'),
(145, 34, 'Dr. Osvaldo Johns DVM', 'Voluptatem autem pariatur qui vero asperiores sunt. Voluptates ea dolorem sint occaecati ut. Aut consequatur at fuga est nihil ducimus.', 5, '2023-10-16 08:34:21', '2023-10-16 08:34:21'),
(146, 40, 'Adele Kemmer', 'Vel non odit unde velit modi et voluptas voluptates. Voluptatem eligendi ut voluptatem porro commodi et rerum quaerat. Ducimus ut mollitia corporis id recusandae.', 5, '2023-10-16 08:34:21', '2023-10-16 08:34:21'),
(147, 8, 'Ms. Kaci Klocko', 'Molestiae provident repudiandae alias dolor hic. Ea nisi quod quae et excepturi eum. Pariatur occaecati perspiciatis rerum porro temporibus pariatur.', 3, '2023-10-16 08:34:21', '2023-10-16 08:34:21'),
(148, 12, 'Ms. Karen Christiansen', 'Qui atque consequatur velit harum. Quia tenetur fugit eaque et quod. Ea quam rerum vitae illum. Et libero voluptatem perspiciatis ut qui voluptatem ratione.', 3, '2023-10-16 08:34:22', '2023-10-16 08:34:22'),
(149, 50, 'Randall O\'Reilly MD', 'Amet quo incidunt et sequi. Et atque quo omnis qui. Placeat delectus laboriosam rem culpa delectus ea.', 5, '2023-10-16 08:34:22', '2023-10-16 08:34:22'),
(150, 24, 'Dr. German Tillman Jr.', 'Et officia eaque voluptatem voluptatibus repellat. Non architecto dignissimos fuga qui dolorem et laboriosam doloribus. Dicta eos eos occaecati vero fugiat. Nostrum ut non quis.', 3, '2023-10-16 08:34:22', '2023-10-16 08:34:22'),
(151, 23, 'Mr. Sim Stark I', 'Modi quam deserunt numquam consequatur sed inventore aut temporibus. Ipsa qui ipsam debitis animi velit. Sunt sunt quisquam rerum labore enim.', 2, '2023-10-16 08:34:22', '2023-10-16 08:34:22'),
(152, 31, 'Eusebio Hoppe', 'Unde consequatur et saepe sed id aut corrupti vel. Ut rerum et tempore et. Aliquid esse rerum sequi sed perferendis.', 4, '2023-10-16 08:34:22', '2023-10-16 08:34:22'),
(153, 11, 'Floyd Schmidt', 'Nobis necessitatibus aperiam id culpa quis ex. Minima commodi animi voluptatem laborum repellendus nemo voluptas aut. Veritatis quis aut nesciunt voluptatum a sapiente et. Sed sed animi ducimus quia vero veritatis a. Autem et omnis soluta velit aut rerum.', 5, '2023-10-16 08:34:22', '2023-10-16 08:34:22'),
(154, 22, 'Dr. Liam Hermann', 'In odio voluptas sapiente soluta asperiores rerum nisi voluptatibus. Porro rerum a rerum est eaque qui fugit.', 3, '2023-10-16 08:34:22', '2023-10-16 08:34:22'),
(155, 11, 'Hilton Grant V', 'Provident possimus deleniti quos assumenda omnis repellendus aut. Laborum aut minima dignissimos voluptatibus est sint. Minus fugiat quo ab nostrum eos at. Repellat quidem hic sit modi aut aspernatur ut.', 2, '2023-10-16 08:34:22', '2023-10-16 08:34:22'),
(156, 47, 'Mr. Stephan Thiel DDS', 'Nulla rerum dolore fugiat consectetur eius facilis. Accusantium et veritatis voluptatem quam at consequatur molestiae. Molestiae totam est ea culpa perspiciatis dolor. Quaerat ipsam perferendis laudantium et magnam et.', 1, '2023-10-16 08:34:22', '2023-10-16 08:34:22'),
(157, 37, 'Dakota Willms', 'Nihil magnam dolore quis ipsa aut quis ratione eum. Necessitatibus repellat id optio soluta ipsa aut. Cupiditate consectetur et consequuntur id ipsa est.', 0, '2023-10-16 08:34:22', '2023-10-16 08:34:22'),
(158, 48, 'Oran Kling', 'Ea sint est fugit voluptate repellendus voluptatem voluptatem. Odit explicabo sit occaecati. Corrupti eum est dignissimos sequi.', 3, '2023-10-16 08:34:22', '2023-10-16 08:34:22'),
(159, 20, 'Mr. Jamel Hammes PhD', 'Exercitationem dolorem sed incidunt sunt est non. Sunt nulla voluptatem qui fugit dicta inventore. Autem mollitia reiciendis rem sequi totam id amet.', 2, '2023-10-16 08:34:22', '2023-10-16 08:34:22'),
(160, 33, 'Miss Eliane Rodriguez', 'Minus tempore dolores quod. Atque fuga voluptas est molestiae excepturi iusto labore.', 3, '2023-10-16 08:34:22', '2023-10-16 08:34:22'),
(161, 36, 'Jayne Gerhold', 'Omnis voluptatem corrupti modi cupiditate voluptas. Quasi sequi vel qui. Dolores ducimus qui corrupti quis. Et est accusantium laborum reiciendis neque quisquam.', 4, '2023-10-16 08:34:22', '2023-10-16 08:34:22'),
(162, 46, 'Nicolette Kuhn', 'Ad dolorem quam saepe deleniti vitae fugit non dolores. Commodi ut voluptatem praesentium atque quia beatae. Nulla inventore numquam asperiores est voluptatem vel vel. Eos quia aut aliquam maiores enim quo qui.', 2, '2023-10-16 08:34:22', '2023-10-16 08:34:22'),
(163, 15, 'Dr. Abdiel Farrell DVM', 'Adipisci unde et accusamus ea ea officia et. Corrupti optio harum dolore velit. Eos qui nostrum quod neque.', 3, '2023-10-16 08:34:22', '2023-10-16 08:34:22'),
(164, 38, 'Emmett Conn', 'Id est impedit magni est vel totam nobis. Fugiat ut qui hic. Non est vel animi nobis. Beatae sequi magnam quia enim pariatur nostrum qui omnis.', 2, '2023-10-16 08:34:22', '2023-10-16 08:34:22'),
(165, 23, 'Stacey Schmidt', 'Saepe sit eos ipsa consequatur. Itaque cum rerum totam alias libero omnis aliquid. Et voluptate facilis facilis nesciunt. Nihil vitae nulla deleniti aliquam in totam.', 5, '2023-10-16 08:34:22', '2023-10-16 08:34:22'),
(166, 1, 'Jarvis Hills', 'Et ut sed iusto. Ipsa ducimus natus doloribus labore expedita sit tempora deserunt. Iusto tenetur blanditiis voluptatibus omnis corrupti ipsa qui.', 0, '2023-10-16 08:34:22', '2023-10-16 08:34:22'),
(167, 38, 'Maximilian Hegmann', 'Odio suscipit eum beatae consequuntur ducimus qui. Aut harum ipsa magni qui iure. Quisquam minus perferendis sit nulla.', 3, '2023-10-16 08:34:22', '2023-10-16 08:34:22'),
(168, 24, 'Max Jacobs', 'Rerum harum aspernatur atque sit reprehenderit aut rerum. Aperiam nulla fugiat cumque. Quo sunt aut nobis magni. Assumenda dignissimos commodi earum nobis.', 4, '2023-10-16 08:34:22', '2023-10-16 08:34:22'),
(169, 30, 'Elta Brekke', 'Dolorem est maiores impedit sed. A numquam numquam dicta iusto ex quam suscipit. Maiores molestias nulla eaque voluptas quasi.', 5, '2023-10-16 08:34:22', '2023-10-16 08:34:22'),
(170, 14, 'Carrie Gutkowski', 'Quos veniam praesentium aut porro voluptate omnis quae voluptatem. Soluta eos consequatur earum est provident. Eligendi dolores quibusdam magni debitis.', 1, '2023-10-16 08:34:22', '2023-10-16 08:34:22'),
(171, 6, 'Albina Howe', 'Omnis sunt est excepturi iure fugiat architecto. Dolor eaque aut vero accusantium rerum. Libero voluptas nihil iste illo est possimus voluptatum.', 2, '2023-10-16 08:34:22', '2023-10-16 08:34:22'),
(172, 38, 'Leda Donnelly', 'Sit sunt et incidunt enim consequuntur praesentium. Enim vero nisi commodi mollitia. Consequuntur quas aut mollitia consequuntur molestias quaerat. Non esse blanditiis dolore repudiandae iusto itaque.', 0, '2023-10-16 08:34:22', '2023-10-16 08:34:22'),
(173, 47, 'Ted Lueilwitz', 'Asperiores delectus pariatur sequi nostrum. Dolore in enim reprehenderit id voluptatem quaerat consectetur. Recusandae illo illo reprehenderit beatae nihil aliquam earum.', 1, '2023-10-16 08:34:22', '2023-10-16 08:34:22'),
(174, 38, 'Miss Evie Kozey', 'Omnis magnam voluptates impedit nulla voluptatem vel aut. Ullam dolore incidunt sunt nesciunt. Minus enim harum non hic ratione sint consectetur.', 2, '2023-10-16 08:34:23', '2023-10-16 08:34:23'),
(175, 42, 'Leopold Wolff', 'Dolore ut consequatur provident et dolor quibusdam. Tempora placeat similique cum sed. Autem sit et sint. Dolores qui inventore eos numquam.', 2, '2023-10-16 08:34:23', '2023-10-16 08:34:23'),
(176, 5, 'Braxton Price', 'Quisquam nostrum consequuntur praesentium id natus quasi asperiores. Quae distinctio amet maiores quidem distinctio est. Dolorem a quaerat sed ut ullam tenetur neque.', 4, '2023-10-16 08:34:23', '2023-10-16 08:34:23'),
(177, 24, 'Oscar Hansen', 'Explicabo harum labore labore et soluta sit distinctio. Soluta reiciendis facilis culpa voluptatem est ipsum. Quasi consectetur aperiam numquam eveniet dignissimos nesciunt. Maxime ut a quis eaque.', 4, '2023-10-16 08:34:23', '2023-10-16 08:34:23'),
(178, 49, 'Maximillia Emard', 'Ex quidem illum vel et. Et hic quis et voluptas eveniet sint assumenda. Inventore commodi vel velit deserunt quis asperiores non. Sit sapiente ad maxime sint sed enim vero adipisci.', 0, '2023-10-16 08:34:23', '2023-10-16 08:34:23'),
(179, 44, 'Brittany Hodkiewicz', 'Qui omnis id autem id commodi quo qui. Est rem deleniti provident ratione iusto odio amet. Animi ea qui excepturi. Vero est dolores similique nam consequatur.', 5, '2023-10-16 08:34:23', '2023-10-16 08:34:23'),
(180, 36, 'Fidel Parisian', 'Non laudantium praesentium maiores expedita sit at voluptas. Beatae itaque quam voluptatem optio ipsum repudiandae facere. Eum assumenda est officia veniam cupiditate molestiae.', 2, '2023-10-16 08:34:23', '2023-10-16 08:34:23'),
(181, 13, 'Prof. Joelle Walter', 'Voluptatum ullam ut eaque sunt explicabo nam. Repudiandae libero cum ut ut aut. Et cupiditate provident dolor.', 3, '2023-10-16 08:34:23', '2023-10-16 08:34:23'),
(182, 12, 'Dorcas Prohaska', 'Voluptate autem quibusdam rerum atque aliquam. Minima ut id nihil error voluptatum molestiae optio. Nisi quis inventore perspiciatis quia quas quis iusto.', 4, '2023-10-16 08:34:23', '2023-10-16 08:34:23'),
(183, 10, 'Griffin Bernier', 'Quisquam quam provident a natus dolorem repellendus. Ullam veniam quod doloribus sint autem vero voluptatem. Aut assumenda et eveniet beatae. Tenetur exercitationem voluptates omnis impedit. Minima enim molestiae molestias dolorum.', 5, '2023-10-16 08:34:23', '2023-10-16 08:34:23'),
(184, 50, 'Andreanne Jast', 'Nihil beatae est modi officia sit recusandae. Eligendi consequatur ut odit ab dicta. Et earum aspernatur exercitationem distinctio suscipit voluptatem. Voluptas sit consectetur autem praesentium quis quisquam.', 3, '2023-10-16 08:34:23', '2023-10-16 08:34:23'),
(185, 19, 'Ivy Schaefer I', 'Magni voluptatibus nisi explicabo incidunt. Odit voluptatem quod distinctio sunt repellendus. Dolor eius aspernatur modi natus aliquam. Sed error dignissimos assumenda doloribus voluptatem.', 1, '2023-10-16 08:34:23', '2023-10-16 08:34:23'),
(186, 4, 'Mrs. Prudence Johnston', 'Voluptas illum est consequuntur nihil est. Architecto vel odit omnis maiores facilis. Nesciunt ipsa delectus voluptatibus aut quisquam.', 0, '2023-10-16 08:34:23', '2023-10-16 08:34:23'),
(187, 3, 'Mr. Bennie Pagac I', 'Ipsam perferendis numquam cumque. Dolorum et et et et. Est quia impedit iusto sequi. Qui enim ea ipsa odio ipsa similique illum.', 4, '2023-10-16 08:34:23', '2023-10-16 08:34:23'),
(188, 21, 'Delphia Williamson', 'Odit praesentium natus vero et eum eaque. Repellat accusamus et rerum commodi in velit. Velit aliquam neque repudiandae et quis sunt necessitatibus.', 4, '2023-10-16 08:34:23', '2023-10-16 08:34:23'),
(189, 39, 'Norwood Stracke II', 'Qui occaecati voluptas dolorum mollitia odit. Occaecati praesentium enim natus. Impedit aliquam quo illum beatae provident totam minima.', 2, '2023-10-16 08:34:23', '2023-10-16 08:34:23'),
(190, 2, 'Joanny Bauch', 'Sed voluptas omnis vel et illo. Possimus et voluptatum minima est rerum rerum. Rerum et ea ut voluptatibus. Necessitatibus voluptatem adipisci sunt voluptas assumenda quas quas.', 3, '2023-10-16 08:34:23', '2023-10-16 08:34:23'),
(191, 25, 'Prof. Boyd Kuphal PhD', 'Ut accusantium explicabo deleniti neque. Aut sapiente nobis ut. Nam explicabo quidem natus cumque ipsam nulla.', 3, '2023-10-16 08:34:23', '2023-10-16 08:34:23'),
(192, 4, 'Laurence Skiles', 'Dolorem necessitatibus et architecto necessitatibus tenetur excepturi. Eos laboriosam non natus deleniti dolor sit.', 5, '2023-10-16 08:34:23', '2023-10-16 08:34:23'),
(193, 15, 'Lyric Kling', 'Aliquid quis cum et voluptas nobis ad. Rerum totam labore ut quis iste sint totam id. Excepturi quis id aut rerum maxime sed. Dolores quos similique culpa harum quae.', 4, '2023-10-16 08:34:23', '2023-10-16 08:34:23'),
(194, 19, 'Sydney Luettgen Sr.', 'Provident qui dicta minima commodi. Sit tempora aspernatur assumenda. Magnam molestiae impedit cumque quis iusto eum omnis.', 2, '2023-10-16 08:34:24', '2023-10-16 08:34:24'),
(195, 48, 'Christine O\'Keefe PhD', 'Quia quaerat ullam cumque officia. Doloribus aut cupiditate officiis ad dignissimos ipsum. Consequatur et qui facere rem tenetur et.', 5, '2023-10-16 08:34:24', '2023-10-16 08:34:24'),
(196, 29, 'Olaf Blick', 'Omnis fuga accusantium nihil commodi ut eaque quam. Iste doloremque enim qui aperiam et asperiores. Eum modi qui mollitia enim nulla officia ullam. Quasi amet architecto qui aut saepe ullam harum odio.', 1, '2023-10-16 08:34:24', '2023-10-16 08:34:24'),
(197, 16, 'Prof. Hugh Parisian Jr.', 'Dolor consequatur amet praesentium ipsa totam. Quaerat beatae magni necessitatibus facere iure minus.', 0, '2023-10-16 08:34:24', '2023-10-16 08:34:24'),
(198, 23, 'Toni O\'Reilly', 'Eveniet officia quod nisi quia non iste. Qui a voluptatem nemo qui laboriosam ducimus distinctio. Et molestiae ea aspernatur aliquid et magnam. Non repellat sed suscipit est atque tempore earum.', 4, '2023-10-16 08:34:24', '2023-10-16 08:34:24'),
(199, 1, 'Ms. Jacky Kshlerin V', 'Natus rerum et perspiciatis est laboriosam amet. Explicabo qui perspiciatis blanditiis velit doloremque. Ipsam ipsum aut sint soluta ad necessitatibus. Sunt aut nihil aliquid sed.', 2, '2023-10-16 08:34:24', '2023-10-16 08:34:24'),
(200, 1, 'Molly Ferry', 'Praesentium non et nam excepturi. Qui sunt ut quis sint quo quis reiciendis et. Quod laudantium consequuntur aut. Voluptatum non libero ea qui doloribus.', 5, '2023-10-16 08:34:24', '2023-10-16 08:34:24'),
(201, 8, 'Prof. Kaden Schultz', 'Sunt quod recusandae est placeat. Magni vero enim eveniet illum error soluta error sed. Laborum sunt et nihil aut blanditiis labore. Commodi est adipisci mollitia enim quia.', 5, '2023-10-16 08:34:24', '2023-10-16 08:34:24'),
(202, 30, 'Zula Schmitt', 'Totam fuga debitis dignissimos. A doloribus voluptatem quam velit nemo neque ut provident. Similique vel alias fugiat.', 5, '2023-10-16 08:34:24', '2023-10-16 08:34:24'),
(203, 21, 'Jefferey Reynolds', 'Vel perspiciatis ratione quibusdam. Repudiandae iste quasi doloribus dolor deleniti. In ipsam voluptates totam odit facilis at.', 0, '2023-10-16 08:34:24', '2023-10-16 08:34:24'),
(204, 31, 'Merl Denesik I', 'Deserunt officia consequuntur porro dignissimos autem eum. Repellat fuga distinctio dicta est. Vero facere itaque enim eum harum veritatis omnis ut.', 0, '2023-10-16 08:34:24', '2023-10-16 08:34:24'),
(205, 30, 'Godfrey Cartwright', 'Quo ut delectus eos corporis commodi asperiores. Delectus necessitatibus in accusantium nostrum rerum. Ea non culpa dolorem. Aut corrupti voluptatem ratione eligendi.', 1, '2023-10-16 08:34:24', '2023-10-16 08:34:24'),
(206, 7, 'Uriel West', 'Placeat nihil laborum corporis est. Harum qui fuga non doloremque iure sit iure. Dignissimos qui veritatis quaerat consequatur aperiam minima. Ipsa excepturi autem minima iste et.', 2, '2023-10-16 08:34:24', '2023-10-16 08:34:24'),
(207, 9, 'Mrs. Modesta McGlynn', 'Vel enim tempore quibusdam ullam hic optio quia. Deserunt corporis enim eum cupiditate omnis dolorem deleniti.', 2, '2023-10-16 08:34:24', '2023-10-16 08:34:24'),
(208, 37, 'Cloyd Konopelski', 'Consequatur beatae quaerat id non. Enim autem ut nobis et officiis.', 5, '2023-10-16 08:34:24', '2023-10-16 08:34:24');
INSERT INTO `reviews` (`id`, `product_id`, `customer`, `review`, `star`, `created_at`, `updated_at`) VALUES
(209, 44, 'Joaquin Weimann', 'Neque suscipit in delectus magnam rerum. Quia exercitationem odit rerum rerum tempora voluptas maxime. Quibusdam assumenda modi quia rerum.', 4, '2023-10-16 08:34:24', '2023-10-16 08:34:24'),
(210, 49, 'Gay Borer', 'Veritatis ut autem voluptatem architecto autem quos dolorum. Voluptatem consequuntur non dolorem sequi incidunt quasi. Incidunt tenetur ut rerum quia cupiditate id. Velit assumenda qui numquam ad suscipit et dicta.', 5, '2023-10-16 08:34:24', '2023-10-16 08:34:24'),
(211, 17, 'Lola Schaden', 'Nostrum similique quaerat ut quidem quo suscipit. Sit dolorem sed ipsam a quibusdam laboriosam repudiandae. Quo et aut voluptatem rerum voluptates earum numquam soluta.', 3, '2023-10-16 08:34:24', '2023-10-16 08:34:24'),
(212, 20, 'Effie Schultz', 'Necessitatibus deserunt eveniet laudantium nihil. Officia eum hic voluptatem quibusdam officiis corrupti tempora. Qui non pariatur accusamus inventore quos aut id. Possimus voluptates est molestiae veritatis quis.', 3, '2023-10-16 08:34:24', '2023-10-16 08:34:24'),
(213, 9, 'Sonny Pfannerstill', 'Vel et et officia molestiae ipsa. Et ab voluptas iusto. Ea exercitationem quis sit fuga.', 3, '2023-10-16 08:34:24', '2023-10-16 08:34:24'),
(214, 35, 'Jackeline Cremin', 'Quia maiores eius aut ut est tempora. Voluptates ipsa voluptatem odit.', 1, '2023-10-16 08:34:24', '2023-10-16 08:34:24'),
(215, 35, 'Adonis McGlynn PhD', 'Est pariatur sit nihil et. Nostrum mollitia quibusdam et fugit et.', 2, '2023-10-16 08:34:24', '2023-10-16 08:34:24'),
(216, 13, 'Mrs. Sabryna Runolfsdottir', 'Ipsum amet ea eaque quod. Est voluptates sed error. Nulla error ut odit consequatur maiores consequatur eos totam. Totam commodi consequatur et enim et eaque.', 3, '2023-10-16 08:34:25', '2023-10-16 08:34:25'),
(217, 5, 'Kaycee Pouros', 'Iste consequatur voluptates expedita repudiandae natus. Reprehenderit est aliquam et ut et. Eum sequi magni voluptatem fugit.', 0, '2023-10-16 08:34:25', '2023-10-16 08:34:25'),
(218, 24, 'Virgil Bins', 'Repellat tenetur nam vero cupiditate. Mollitia voluptas similique et aut distinctio qui hic. Aut magni voluptatem non et minus sed.', 5, '2023-10-16 08:34:25', '2023-10-16 08:34:25'),
(219, 40, 'Fabiola Fahey', 'Vel tempore deserunt ducimus officiis quo architecto nihil. Qui sunt deserunt iste numquam rerum. Aut ad tempore et dignissimos iure.', 3, '2023-10-16 08:34:25', '2023-10-16 08:34:25'),
(220, 50, 'Prof. Jaylon Schuster MD', 'Excepturi nobis molestiae amet iusto laudantium aspernatur ut tenetur. Quidem dolores minus aut et. Voluptatem quia minus sint quaerat temporibus beatae. Magnam enim tempora enim et sit sit sequi repudiandae.', 5, '2023-10-16 08:34:25', '2023-10-16 08:34:25'),
(221, 22, 'Mitchel Shields', 'Quae architecto sequi voluptates optio. Sunt deserunt soluta adipisci recusandae. Est dolore facilis sit dolorem et.', 3, '2023-10-16 08:34:25', '2023-10-16 08:34:25'),
(222, 29, 'Maxine Stracke', 'Quis quam odio suscipit sint. Sed autem et beatae quasi aut nam et. Ea aliquid eum vitae voluptates at aut. Quia et numquam fugiat enim tempora dolore magnam.', 0, '2023-10-16 08:34:25', '2023-10-16 08:34:25'),
(223, 10, 'Miracle McGlynn', 'Dolorem sed omnis quis et recusandae. Mollitia voluptatibus eos harum iusto. Animi et modi vitae.', 5, '2023-10-16 08:34:25', '2023-10-16 08:34:25'),
(224, 30, 'Lila Bruen', 'Aliquam totam quia et eligendi. Esse dicta aliquid laudantium quis. Consequatur quia quam aut aut delectus soluta itaque.', 1, '2023-10-16 08:34:25', '2023-10-16 08:34:25'),
(225, 3, 'Sylvan Mohr', 'Illo veritatis dolorem quam. Et minima minima earum facere aut. Voluptatem vero sed saepe sit molestiae.', 0, '2023-10-16 08:34:25', '2023-10-16 08:34:25'),
(226, 27, 'Mrs. Marlene Auer Sr.', 'Consequatur eos ipsum saepe accusamus necessitatibus. Non non earum delectus fugit molestiae doloribus.', 3, '2023-10-16 08:34:25', '2023-10-16 08:34:25'),
(227, 37, 'Ms. Lorine Kozey', 'Quos asperiores qui molestias et. Omnis aut in enim necessitatibus. Qui consequatur laudantium perferendis quia et.', 1, '2023-10-16 08:34:25', '2023-10-16 08:34:25'),
(228, 31, 'Mr. Clifford Cormier II', 'Corporis ut possimus eius voluptatibus repellat. Corporis ut suscipit ea voluptas. Nihil qui rerum ut consequuntur repudiandae voluptatem quidem.', 1, '2023-10-16 08:34:25', '2023-10-16 08:34:25'),
(229, 8, 'Mrs. Anais Kirlin', 'Quo quos itaque sequi vel quidem qui est. Explicabo at aut et exercitationem nemo quibusdam consequuntur. Nisi vero temporibus sint repellendus exercitationem molestiae aut.', 2, '2023-10-16 08:34:25', '2023-10-16 08:34:25'),
(230, 23, 'Dr. Theron Terry', 'In voluptatem repellendus est sed. Id quis unde aut. Fuga ea vitae rerum voluptatem asperiores ipsum. Dolor ex facilis et sit nulla. Eius voluptatum non dicta consectetur odit aut repellat.', 4, '2023-10-16 08:34:25', '2023-10-16 08:34:25'),
(231, 18, 'Francisco Walter DVM', 'Et voluptatem quasi minima harum alias. Id quasi non similique amet fugiat. Enim earum tempore aperiam asperiores molestiae. Esse magni consequatur nam et eius maiores iste sed.', 0, '2023-10-16 08:34:25', '2023-10-16 08:34:25'),
(232, 12, 'Prof. Ian Feil', 'Magni modi quas ullam dolor sapiente non perferendis. Sit temporibus non quisquam dolorum placeat eligendi ut. Tempora eos quod eveniet et est aut illum sit. Aut commodi occaecati dolorem non optio rerum.', 2, '2023-10-16 08:34:25', '2023-10-16 08:34:25'),
(233, 26, 'Reta Maggio', 'Minima consequatur quidem nihil est illo eaque. Non vel sit perferendis ea reprehenderit et et.', 1, '2023-10-16 08:34:25', '2023-10-16 08:34:25'),
(234, 24, 'Dr. Loraine Feest PhD', 'Dolores et consequatur et porro dolore. Et neque ut eos quos id libero voluptatem. Sit corporis sit voluptatibus placeat. Eaque voluptate molestiae consequuntur odio quis delectus.', 4, '2023-10-16 08:34:25', '2023-10-16 08:34:25'),
(235, 5, 'Dion Kulas', 'Deleniti voluptatem illum rerum. Aut impedit omnis dolorem consequuntur qui. Enim suscipit laudantium numquam recusandae.', 3, '2023-10-16 08:34:25', '2023-10-16 08:34:25'),
(236, 24, 'Gerald Auer I', 'Qui dolores dolore illo amet molestias minus itaque et. Nisi nisi commodi quia. Voluptatem modi et magnam voluptatem quia. Non quis doloremque doloremque fugiat quis.', 1, '2023-10-16 08:34:25', '2023-10-16 08:34:25'),
(237, 28, 'Deven Howe', 'Expedita placeat quod est eveniet. Sit et quo ipsam nemo error. Illo voluptate earum inventore. Numquam eius commodi qui ut sunt.', 1, '2023-10-16 08:34:26', '2023-10-16 08:34:26'),
(238, 34, 'Estefania Bogisich', 'Iure eos voluptatem unde et ex earum itaque. Eveniet autem praesentium vel provident ipsam. Consequatur animi quo qui suscipit. Quos tenetur eligendi architecto enim ipsa dignissimos consectetur.', 0, '2023-10-16 08:34:26', '2023-10-16 08:34:26'),
(239, 43, 'Hilton Torphy', 'Iure et corporis aut rerum laudantium. Nisi neque ut ut. Aut ullam nihil quis sit eos et possimus repellat. Nam nam veritatis ut id quam ipsum non eligendi. Repellendus iusto perferendis vel rerum laborum non.', 2, '2023-10-16 08:34:26', '2023-10-16 08:34:26'),
(240, 13, 'Vinnie O\'Keefe Sr.', 'Aut repellendus placeat harum in dolor nobis. Ut aspernatur laudantium deserunt est. Doloribus est eligendi dolor voluptas.', 5, '2023-10-16 08:34:26', '2023-10-16 08:34:26'),
(241, 28, 'Miss Sydni Kiehn', 'Qui unde sequi impedit eveniet neque sunt dolor dolor. Voluptas non minima voluptatem nemo iusto omnis. Dolor non laboriosam porro aut sed eos omnis.', 2, '2023-10-16 08:34:26', '2023-10-16 08:34:26'),
(242, 36, 'Vivienne Haley PhD', 'Sed laborum nisi nostrum sint dignissimos libero cumque ad. Optio occaecati eum voluptatem odio veniam. Autem omnis amet alias dignissimos et.', 3, '2023-10-16 08:34:26', '2023-10-16 08:34:26'),
(243, 20, 'Dr. Ike Purdy DDS', 'Aliquid alias consectetur est est recusandae repellendus alias at. Ut illum nihil alias id. Veritatis ab commodi quidem doloribus architecto ad. Earum atque amet et eos id recusandae quos est.', 5, '2023-10-16 08:34:26', '2023-10-16 08:34:26'),
(244, 41, 'Prof. Stacey Legros DDS', 'Sed ullam ut magni ut molestiae voluptas. Non dignissimos debitis consequatur quaerat velit perspiciatis. Nemo ipsam ratione dolorem. Vel labore sunt culpa voluptas provident odit.', 1, '2023-10-16 08:34:26', '2023-10-16 08:34:26'),
(245, 12, 'Hazel O\'Conner', 'Nihil architecto numquam dolorem voluptatibus modi ut rerum. Quisquam accusamus dolores delectus excepturi quaerat laboriosam quia. Ea dolorum dolor voluptatem quis natus eaque sunt. Dolores occaecati dignissimos placeat illum et perferendis perspiciatis.', 2, '2023-10-16 08:34:26', '2023-10-16 08:34:26'),
(246, 21, 'Mr. Ellsworth Moore', 'Sunt cum quod recusandae officia rerum nihil. Laborum voluptas quod itaque. Sed sed repellendus dolorem voluptatem exercitationem sequi. Veniam consequatur labore magni ullam.', 1, '2023-10-16 08:34:26', '2023-10-16 08:34:26'),
(247, 16, 'Durward Towne', 'Quia minus quia nihil atque omnis nisi rem. Ex illum dolorum mollitia aspernatur voluptatum nihil. Eveniet quisquam neque illum sit asperiores nobis. Odio sit dolores aliquam molestias hic eveniet.', 0, '2023-10-16 08:34:26', '2023-10-16 08:34:26'),
(248, 41, 'Mr. Trever Cronin', 'Aut rerum corrupti odit aperiam est. Numquam quia quo aspernatur. Et architecto laboriosam eaque eveniet fugit perferendis omnis. Qui optio laborum fuga et.', 1, '2023-10-16 08:34:26', '2023-10-16 08:34:26'),
(249, 32, 'Jarvis Greenholt Sr.', 'Voluptas alias quisquam maiores et ducimus omnis tempore. Quibusdam magni aut veniam. Ipsum consequatur minus saepe laudantium fugiat sint vel perferendis.', 1, '2023-10-16 08:34:26', '2023-10-16 08:34:26'),
(250, 40, 'Hyman O\'Keefe', 'Corporis vitae repellat nobis qui et a. Necessitatibus fuga expedita est in ipsum dolorem. Delectus autem molestiae magnam saepe quis atque.', 5, '2023-10-16 08:34:26', '2023-10-16 08:34:26'),
(251, 25, 'Helga Emard', 'Autem voluptatum adipisci voluptatem facilis tempora iusto enim. Ducimus quibusdam est quis voluptas quia est.', 3, '2023-10-16 08:34:26', '2023-10-16 08:34:26'),
(252, 8, 'Magnolia Buckridge', 'Vel possimus eos quia possimus ipsam quo voluptas. Sed est molestiae labore libero corrupti. Consectetur illum et officia amet veritatis temporibus accusamus assumenda.', 0, '2023-10-16 08:34:26', '2023-10-16 08:34:26'),
(253, 26, 'Danyka Stokes', 'Voluptas nostrum ea eligendi. Qui ad velit aspernatur qui. Quaerat iusto doloremque voluptates voluptas commodi beatae impedit. Vel consequatur et eligendi aut aliquid rerum.', 5, '2023-10-16 08:34:26', '2023-10-16 08:34:26'),
(254, 29, 'Dennis Goyette', 'Vel harum cum est sint laboriosam quis repellendus. Qui tempora dolores quis aut at quis quae. Veritatis in sed ab. Non commodi qui sapiente sint.', 3, '2023-10-16 08:34:26', '2023-10-16 08:34:26'),
(255, 47, 'Jeanette Schinner', 'Voluptate fuga ad eaque aspernatur neque. Est blanditiis voluptatem non magni expedita ratione. Fugiat optio voluptatibus est corporis quibusdam ullam sunt.', 5, '2023-10-16 08:34:26', '2023-10-16 08:34:26'),
(256, 38, 'Amos Sporer', 'Sit quam eum quis assumenda. Officiis quis ipsa ipsum fugiat totam maiores minima. Occaecati aut hic voluptatum ut natus quo. Est aut vel similique voluptatem maiores qui ut qui.', 0, '2023-10-16 08:34:26', '2023-10-16 08:34:26'),
(257, 49, 'Miss Danika Nader II', 'Et ut et voluptatibus nam aut laborum animi. Porro aspernatur velit rerum quis cumque dolores. Ducimus fugit aut incidunt voluptatem ut. Sit facilis non illum deleniti.', 0, '2023-10-16 08:34:26', '2023-10-16 08:34:26'),
(258, 35, 'Prof. Maya Satterfield I', 'Sit itaque mollitia qui nobis dolores modi molestiae temporibus. Quod quia autem et dolor omnis aliquid.', 4, '2023-10-16 08:34:26', '2023-10-16 08:34:26'),
(259, 11, 'Amalia Frami', 'Cumque aut natus illum nostrum quo molestias non. Consequuntur molestiae sed explicabo voluptatem eos est. Quas ad harum quis excepturi et et fugiat. Nostrum ut dolorem quidem illum.', 3, '2023-10-16 08:34:27', '2023-10-16 08:34:27'),
(260, 2, 'Rosella Huel', 'Distinctio quasi dolor quod quaerat. Sed alias est consequuntur eius et aut.', 3, '2023-10-16 08:34:27', '2023-10-16 08:34:27'),
(261, 6, 'Prof. Dallas Beahan II', 'Et unde ut accusamus veritatis illum commodi qui quasi. Fugiat libero qui ut. Ut sequi pariatur eveniet voluptas vitae.', 4, '2023-10-16 08:34:27', '2023-10-16 08:34:27'),
(262, 33, 'Reyna Kassulke', 'Veniam minima modi sed perspiciatis architecto explicabo qui illum. Tenetur eveniet corrupti perspiciatis ut deserunt fugit officiis magnam. Ab qui voluptas voluptatem qui occaecati corrupti. Deserunt facilis et fuga quia voluptatum fugiat porro.', 3, '2023-10-16 08:34:27', '2023-10-16 08:34:27'),
(263, 41, 'Mr. Columbus Lemke', 'Doloremque qui suscipit deserunt pariatur sit. Voluptatibus hic enim voluptas sint. Eaque eveniet officiis fuga consectetur.', 1, '2023-10-16 08:34:27', '2023-10-16 08:34:27'),
(264, 2, 'Rene Graham', 'Qui sit dicta ad aperiam. Qui delectus voluptatem assumenda magnam aut quo. Quas quo exercitationem reiciendis ut veritatis. Repellat consequuntur recusandae delectus nisi non voluptas. Nihil provident eum quibusdam molestiae molestiae officiis.', 5, '2023-10-16 08:34:27', '2023-10-16 08:34:27'),
(265, 6, 'Mr. Franz Haag II', 'Odit omnis provident voluptate aut ea. Enim minus rerum totam. Aut ducimus at et.', 1, '2023-10-16 08:34:27', '2023-10-16 08:34:27'),
(266, 28, 'Dr. Napoleon Dach', 'Et dolorem est minima tempore et odit voluptatem. Neque incidunt autem ut aliquid. Ad est pariatur dignissimos qui. Vel perspiciatis dolor maxime maxime.', 0, '2023-10-16 08:34:27', '2023-10-16 08:34:27'),
(267, 27, 'Verna McKenzie', 'Facilis veniam iusto et in. Consequatur hic doloribus commodi a est cupiditate cumque. Velit natus voluptatibus dolore accusantium tempore.', 2, '2023-10-16 08:34:27', '2023-10-16 08:34:27'),
(268, 3, 'Halle Jacobs V', 'Ea voluptas cumque error incidunt. Minus voluptatem voluptatem eaque porro adipisci. Odit quidem sed dolorem rerum voluptates quod. Qui explicabo officiis beatae delectus odio odio sit.', 5, '2023-10-16 08:34:27', '2023-10-16 08:34:27'),
(269, 40, 'Garrick Gorczany', 'Beatae nulla expedita voluptatum corrupti dolorem. Quia voluptatem eum ut ipsa. Ut sit vel omnis velit.', 0, '2023-10-16 08:34:27', '2023-10-16 08:34:27'),
(270, 9, 'Kelton Marks', 'Qui quis assumenda nostrum. Dolores voluptas minima quia aut sunt. Similique et sit amet facilis est et. Aliquam fugit ut qui est.', 5, '2023-10-16 08:34:27', '2023-10-16 08:34:27'),
(271, 31, 'Coby Baumbach', 'Dolorem doloremque ab dolore vitae aliquid. Blanditiis corrupti ipsam dolor et.', 3, '2023-10-16 08:34:27', '2023-10-16 08:34:27'),
(272, 4, 'Prof. Dylan Johnston DDS', 'Et quia ad et quo eos fugit molestiae exercitationem. Qui optio voluptatibus molestiae.', 4, '2023-10-16 08:34:27', '2023-10-16 08:34:27'),
(273, 15, 'Wayne Blanda', 'In consequatur voluptatem fuga debitis voluptate nihil. Ut omnis blanditiis aut quos culpa nihil. Dolorem fuga veniam tempora voluptatem animi vel consequatur. Fugiat ut cumque assumenda dignissimos nesciunt est ipsum dolorum.', 4, '2023-10-16 08:34:27', '2023-10-16 08:34:27'),
(274, 47, 'Polly McKenzie', 'Quo incidunt est nihil placeat suscipit et vero. Quis quia quis sed quia sit. Officiis qui molestiae itaque.', 5, '2023-10-16 08:34:27', '2023-10-16 08:34:27'),
(275, 15, 'Caden Johns', 'Nemo nemo ut aut at. Sit distinctio doloremque quisquam pariatur dicta quia sit. Voluptatum est perspiciatis velit. Culpa sit aut fugit voluptate nesciunt atque.', 4, '2023-10-16 08:34:27', '2023-10-16 08:34:27'),
(276, 36, 'Prof. Alexzander Bauch Jr.', 'Non repellat adipisci omnis. Magnam dicta ut molestiae corrupti sed assumenda omnis. Et omnis in ducimus tenetur eum. Adipisci laboriosam inventore laboriosam quidem eligendi.', 2, '2023-10-16 08:34:27', '2023-10-16 08:34:27'),
(277, 20, 'Efrain Sporer', 'Mollitia aliquam vel necessitatibus vel. Sed et aut sit est neque omnis iste soluta. Iusto dolor laborum quae libero quia fugiat dolor.', 0, '2023-10-16 08:34:27', '2023-10-16 08:34:27'),
(278, 4, 'Itzel Gleichner', 'Ut magni vel quidem aliquam. Minima sequi culpa reiciendis corporis. Nesciunt perferendis pariatur ut perspiciatis ullam est ut occaecati. Esse ut blanditiis animi ullam numquam facere.', 1, '2023-10-16 08:34:27', '2023-10-16 08:34:27'),
(279, 6, 'Ford Lindgren', 'Asperiores doloribus quia vel ratione sed enim. Voluptatum ab debitis animi et veniam. Ad rerum repudiandae at perferendis velit modi. Est et dolorem quia voluptas blanditiis.', 4, '2023-10-16 08:34:28', '2023-10-16 08:34:28'),
(280, 5, 'Delaney Thompson', 'Consequatur eligendi explicabo totam assumenda non doloremque incidunt. Deserunt optio adipisci mollitia possimus. Dolorem rem et minus est ducimus voluptatem quo. Qui placeat qui facere.', 0, '2023-10-16 08:34:28', '2023-10-16 08:34:28'),
(281, 30, 'Ms. Rosie Schuster MD', 'Praesentium repellat enim expedita voluptas ad ut. Inventore omnis ullam eum aut hic at et. Alias voluptatem consequatur dolores. Ut qui deserunt est fuga.', 3, '2023-10-16 08:34:28', '2023-10-16 08:34:28'),
(282, 13, 'Deron Parisian', 'Corrupti aspernatur dolorum enim quod quia maxime. Quae et dolore quaerat qui earum architecto voluptatem. Modi minima qui saepe et ipsa quod aperiam. Et nam minus ut corporis. Amet doloribus distinctio earum ut veritatis.', 1, '2023-10-16 08:34:28', '2023-10-16 08:34:28'),
(283, 46, 'Prof. Delbert Douglas IV', 'Reprehenderit recusandae non incidunt autem rerum deserunt ad reprehenderit. Dolor ab quia ullam repellendus maiores. Nostrum quaerat ut ex asperiores corrupti voluptas possimus.', 0, '2023-10-16 08:34:28', '2023-10-16 08:34:28'),
(284, 17, 'Scottie Bernier', 'Natus dolorum inventore porro sapiente officia aspernatur. Est optio est distinctio quo et sunt. Eos harum rerum et molestiae totam. Sunt earum id aliquid est veritatis rerum reprehenderit neque.', 3, '2023-10-16 08:34:28', '2023-10-16 08:34:28'),
(285, 12, 'Prof. Ahmad Bartell PhD', 'Ut sit libero est animi. Sit minima optio ut explicabo provident. Laudantium illum earum alias sint est illum ut.', 2, '2023-10-16 08:34:28', '2023-10-16 08:34:28'),
(286, 26, 'Prof. Milton Hettinger', 'Est modi et minus maiores est. Rerum est consequatur excepturi delectus veniam vel iste ut. Sit nihil iste debitis ex optio. Illum est sit minus cupiditate reiciendis rerum.', 3, '2023-10-16 08:34:28', '2023-10-16 08:34:28'),
(287, 40, 'Liana Stamm', 'Est voluptas ut modi repellat minima reprehenderit. Dicta esse omnis ducimus modi ut qui minus. Eos mollitia recusandae ut dignissimos quia.', 2, '2023-10-16 08:34:28', '2023-10-16 08:34:28'),
(288, 4, 'Lora Moore', 'Deserunt occaecati nam dolorem quis. Vitae dignissimos eveniet nesciunt magni inventore consectetur laborum. Nihil enim velit esse.', 5, '2023-10-16 08:34:28', '2023-10-16 08:34:28'),
(289, 25, 'Tyler Kihn', 'Possimus aperiam ut quis voluptas deleniti expedita. Quo corporis molestiae est deserunt iste laboriosam maxime. Voluptas repudiandae sunt et voluptas minima et fugit.', 2, '2023-10-16 08:34:29', '2023-10-16 08:34:29'),
(290, 34, 'Roxanne Senger', 'Atque autem et voluptatem pariatur ut sed ipsam. Libero et explicabo maiores rem laudantium nisi saepe. Vero voluptates fugit quo officiis et et.', 1, '2023-10-16 08:34:29', '2023-10-16 08:34:29'),
(291, 7, 'Brooke Haag PhD', 'Iure optio et ut reiciendis molestiae saepe. Sed rerum aut odio ad voluptatem. Consequatur quas dolorem qui autem maiores non quae.', 4, '2023-10-16 08:34:29', '2023-10-16 08:34:29'),
(292, 5, 'Maeve Schowalter', 'Commodi neque et officia quasi itaque quo totam. Consequatur voluptatem ad et unde deserunt consectetur ab. Rerum sed vel modi. Sit dolorem iusto cupiditate sunt quia.', 4, '2023-10-16 08:34:29', '2023-10-16 08:34:29'),
(293, 26, 'Ms. Marguerite Metz', 'Vitae tempora enim doloremque voluptatum ipsum nesciunt consectetur. Explicabo saepe omnis cum voluptatem.', 1, '2023-10-16 08:34:29', '2023-10-16 08:34:29'),
(294, 24, 'Mr. Deangelo Wehner', 'Et assumenda explicabo corporis est. Sunt velit quibusdam sint.', 2, '2023-10-16 08:34:29', '2023-10-16 08:34:29'),
(295, 23, 'Mia Kautzer', 'In dolor quibusdam quos ea iure. Accusamus ab provident sit quo sit numquam. Blanditiis nam consequuntur tenetur exercitationem aut et.', 5, '2023-10-16 08:34:29', '2023-10-16 08:34:29'),
(296, 26, 'Prof. Ross Stark I', 'Quos aut vel ea laboriosam illum. Cupiditate suscipit dolores perspiciatis illum. Perspiciatis cumque dicta ut qui aut. Ut iure quis ullam iure quibusdam minus.', 4, '2023-10-16 08:34:29', '2023-10-16 08:34:29'),
(297, 45, 'Marian Schmeler PhD', 'Asperiores commodi inventore nostrum modi. Et sed magni nihil nobis. Recusandae optio accusantium ut et.', 0, '2023-10-16 08:34:29', '2023-10-16 08:34:29'),
(298, 42, 'Prof. Daisha Rippin', 'Modi minima aliquid rem corrupti dicta. In nemo voluptas hic id.', 2, '2023-10-16 08:34:30', '2023-10-16 08:34:30'),
(299, 4, 'Ms. Cassandra Wunsch Jr.', 'Possimus laboriosam rem nihil architecto quia saepe. Laborum velit repellendus illo velit. Vero recusandae voluptatem qui. Iste recusandae quidem dolorem et impedit totam quidem.', 0, '2023-10-16 08:34:30', '2023-10-16 08:34:30'),
(300, 5, 'Mrs. Bailee Lehner', 'Adipisci nam numquam tempore nihil enim. Mollitia ducimus quidem dignissimos fugiat quibusdam non quos. Reiciendis ratione deserunt vel id facilis. Ut tenetur voluptas eos enim porro at eveniet.', 4, '2023-10-16 08:34:30', '2023-10-16 08:34:30');

-- --------------------------------------------------------

--
-- Table structure for table `users`
--

CREATE TABLE `users` (
  `id` bigint(20) UNSIGNED NOT NULL,
  `name` varchar(255) COLLATE utf8mb4_unicode_ci NOT NULL,
  `email` varchar(255) COLLATE utf8mb4_unicode_ci NOT NULL,
  `email_verified_at` timestamp NULL DEFAULT NULL,
  `password` varchar(255) COLLATE utf8mb4_unicode_ci NOT NULL,
  `remember_token` varchar(100) COLLATE utf8mb4_unicode_ci DEFAULT NULL,
  `created_at` timestamp NULL DEFAULT NULL,
  `updated_at` timestamp NULL DEFAULT NULL
) ENGINE=InnoDB DEFAULT CHARSET=utf8mb4 COLLATE=utf8mb4_unicode_ci;

--
-- Indexes for dumped tables
--

--
-- Indexes for table `failed_jobs`
--
ALTER TABLE `failed_jobs`
  ADD PRIMARY KEY (`id`),
  ADD UNIQUE KEY `failed_jobs_uuid_unique` (`uuid`);

--
-- Indexes for table `migrations`
--
ALTER TABLE `migrations`
  ADD PRIMARY KEY (`id`);

--
-- Indexes for table `password_reset_tokens`
--
ALTER TABLE `password_reset_tokens`
  ADD PRIMARY KEY (`email`);

--
-- Indexes for table `personal_access_tokens`
--
ALTER TABLE `personal_access_tokens`
  ADD PRIMARY KEY (`id`),
  ADD UNIQUE KEY `personal_access_tokens_token_unique` (`token`),
  ADD KEY `personal_access_tokens_tokenable_type_tokenable_id_index` (`tokenable_type`,`tokenable_id`);

--
-- Indexes for table `products`
--
ALTER TABLE `products`
  ADD PRIMARY KEY (`id`);

--
-- Indexes for table `reviews`
--
ALTER TABLE `reviews`
  ADD PRIMARY KEY (`id`);

--
-- Indexes for table `users`
--
ALTER TABLE `users`
  ADD PRIMARY KEY (`id`),
  ADD UNIQUE KEY `users_email_unique` (`email`);

--
-- AUTO_INCREMENT for dumped tables
--

--
-- AUTO_INCREMENT for table `failed_jobs`
--
ALTER TABLE `failed_jobs`
  MODIFY `id` bigint(20) UNSIGNED NOT NULL AUTO_INCREMENT;

--
-- AUTO_INCREMENT for table `migrations`
--
ALTER TABLE `migrations`
  MODIFY `id` int(10) UNSIGNED NOT NULL AUTO_INCREMENT, AUTO_INCREMENT=6;

--
-- AUTO_INCREMENT for table `personal_access_tokens`
--
ALTER TABLE `personal_access_tokens`
  MODIFY `id` bigint(20) UNSIGNED NOT NULL AUTO_INCREMENT;

--
-- AUTO_INCREMENT for table `products`
--
ALTER TABLE `products`
  MODIFY `id` bigint(20) UNSIGNED NOT NULL AUTO_INCREMENT, AUTO_INCREMENT=51;

--
-- AUTO_INCREMENT for table `reviews`
--
ALTER TABLE `reviews`
  MODIFY `id` bigint(20) UNSIGNED NOT NULL AUTO_INCREMENT, AUTO_INCREMENT=301;

--
-- AUTO_INCREMENT for table `users`
--
ALTER TABLE `users`
  MODIFY `id` bigint(20) UNSIGNED NOT NULL AUTO_INCREMENT;
COMMIT;

/*!40101 SET CHARACTER_SET_CLIENT=@OLD_CHARACTER_SET_CLIENT */;
/*!40101 SET CHARACTER_SET_RESULTS=@OLD_CHARACTER_SET_RESULTS */;
/*!40101 SET COLLATION_CONNECTION=@OLD_COLLATION_CONNECTION */;
